cusip,issuer,county,coupon,maturity,px,ytw,tey_aftertax,demin_breach,ai_insulation,fire_score,fire_tail,fire_worst_tract,seismic_ss,fault_zone,hazard_tier,credit_score,cert_status,n365,two_sided_days,uw_verdict,in_book
000416V38,ABC Unified,Los Angeles,3.0,2036-08-01,94.681,0.03595,0.068,True,99.2,11.8,0.0,Very Low,1.78,LA BASIN (San Andreas S / Newport-Inglewood / Puente Hills),HIGH,90,POSITIVE(absent),39,4,REVIEW,False
000416V53,ABC Unified,Los Angeles,3.0,2038-08-01,88.962,0.03981,0.0739,True,99.2,11.8,0.0,Very Low,1.78,LA BASIN (San Andreas S / Newport-Inglewood / Puente Hills),HIGH,90,POSITIVE(absent),57,3,REVIEW,False
010824LZ1,Alameda Unified,Alameda,3.0,2036-08-01,93.728,0.0375,0.0698,True,99.2,22.9,0.0,Very Low,1.77,BAY (San Andreas N / Hayward),HIGH,90,POSITIVE(absent),35,4,REVIEW,False
010824LZ1 010824MA5 010824MB3 010824MD9 01112CCR5 032591TU3 084154C68 084154C76 142665GR3 142665GT9 142665GV4 26362VKS6 26362VMK1 26362VRW0 26362VRX8 271014D33 275282MQ1 275282MR9 357155AJ9 357155AM2 357172F34 399262LZ5 399262MA9 399262MD3 417123FR2 417123GM2 59266TMA6 604617AY6 672325J24 672325ZG5 677765EM7 680799EE9 68881TBH9 728835C98 728835E88 728835F46 7973558C1 797356BU5 797508GS1 797508JL3 797508JM1 797683HC6 79771TNP8 798492PN8 798492QA5 799017SW9 799017WT1 801495W40 801495W65 801495W73 801495Z39 801495Z47 817409H32 9523473H3 9523473K6 9523473L4 9523474G4 9523474H2 9523474K5 9523476G2 9523476K3 979585BP0 979585BZ8 988176HR7,,,,,,,,,99.2,,,,,,UNZONED,88,UNRESOLVED,,,FLAG,False
010824LZ1 010824MA5 010824MB3 010824MD9 01112CCR5 032591TU3 084154C68 084154C76 142665GR3 142665GT9 142665GV4 26362VKS6 26362VMK1 26362VRW0 26362VRX8 275282MQ1 275282MR9 357155AJ9 357155AM2 357172F34 399262LZ5 399262MA9 399262MD3 672325J24 672325ZG5 728835C98 728835E88 728835F46 7973558C1 797356BU5 797508GS1 797508JL3 797508JM1 797683HC6 79771TNP8 798492PN8 798492QA5 799017SW9 799017WT1 801495W40 801495W65 801495W73 801495Z39 801495Z47 817409H32 9523473H3 9523473K6 9523473L4 9523474G4 9523474H2 9523474K5 9523476G2 9523476K3,,,,,,,,,99.2,,,,,,UNZONED,88,UNRESOLVED,,,FLAG,False
010824MA5,Alameda Unified,Alameda,3.0,2037-08-01,90.87,0.04019999999999999,0.0735,True,99.2,22.9,0.0,Very Low,1.77,BAY (San Andreas N / Hayward),HIGH,90,POSITIVE(absent),24,5,REVIEW,False
010824MB3,Alameda Unified,Alameda,3.0,2038-08-01,90.115,0.04025,0.0739,True,99.2,22.9,0.0,Very Low,1.77,BAY (San Andreas N / Hayward),HIGH,90,POSITIVE(absent),15,2,REVIEW,False
010824MD9,Alameda Unified,Alameda,3.0,2042-08-01,86.179,0.04644,0.0816,True,99.2,22.9,0.0,Very Low,1.77,BAY (San Andreas N / Hayward),HIGH,90,POSITIVE(absent),14,1,REVIEW,False
01112CCR5,essential-service water/wastewater revenue,,3.0,2039-06-01,93.393,0.03634,0.0688,True,,,,,,,UNZONED,,N/A-REVENUE,35,7,CLEAR,False
01112CCR5 050002AW4 055047BJ2 13050TBA5 218385BT8 21931DAX9 271014D33 271014D58 271014D66 27677SCN1 49228YAV0 49228YAX6 587616CP6 587619BF3 59266TMA6 607767AV2 671890AV3 675413DE5 680799EE9 68442CBH8 68881TBH9 69674TCB0 69674TCP9 769076VE7 799016FM7 802199AJ8 80234TBP0 835577LC9 835577LE5 84247PMB4 84251KAX3 870441DF6 899124LL3 899124LN9 919259CP4 956409AW6 979585BP0 979585BZ8,,,,,,,,,99.2,,,,,,UNZONED,88,UNRESOLVED,,,FLAG,False
01112CCR5 13050TBA5 21931DAX9 271014D33 27677SCN1 59266TMA6 671890AV3 675413DE5 680799EE9 68881TBH9 802199AJ8 835577LC9 835577LE5 919259CP4 956409AW6 979585BP0 979585BZ8,,,,,,,,,99.2,,,,,,UNZONED,88,UNRESOLVED,,,FLAG,False
012104QQ1,Albany City Unified,Alameda,3.0,2045-08-01,77.2,0.04836,0.0876,True,99.2,21.5,0.0,Very Low,2.4,BAY (San Andreas N / Hayward),HIGH,90,POSITIVE(absent),53,1,REVIEW,True
021321LS1,Alta Loma Elementary,San Bernardino,4.0,2045-08-01,99.862,0.03971,0.0798,False,99.2,54.4,0.403,Very High,1.95,INLAND EMPIRE (San Andreas S / San Jacinto),HIGH,90,UNRESOLVED-AMBIG,203,7,FLAG,False
032555NK6,Anaheim Elementary,Orange,3.0,2046-08-01,78.837,0.04627,0.0847,True,99.2,2.4,0.0,Very Low,1.67,LA BASIN (San Andreas S / Newport-Inglewood / Puente Hills),HIGH,90,POSITIVE(absent),327,35,REVIEW,False
032555PH1,Anaheim Elementary,Orange,4.0,2039-08-01,100.172,0.03848,0.0773,False,99.2,2.4,0.0,Very Low,1.67,LA BASIN (San Andreas S / Newport-Inglewood / Puente Hills),HIGH,90,UNRESOLVED-AMBIG,24,1,FLAG,False
032555PK4,Anaheim Elementary,Orange,4.0,2041-08-01,99.973,0.03494,0.0702,False,99.2,2.4,0.0,Very Low,1.67,LA BASIN (San Andreas S / Newport-Inglewood / Puente Hills),HIGH,90,UNRESOLVED-AMBIG,13,2,FLAG,False
032555PL2,Anaheim Elementary,Orange,4.0,2042-08-01,99.751,0.04059,0.0816,False,99.2,2.4,0.0,Very Low,1.67,LA BASIN (San Andreas S / Newport-Inglewood / Puente Hills),HIGH,90,UNRESOLVED-AMBIG,71,5,FLAG,False
032591SV2,Anaheim Union High,Orange,4.0,2042-08-01,99.52,0.04032,0.081,False,99.2,10.0,0.0,Relatively Low,1.71,LA BASIN (San Andreas S / Newport-Inglewood / Puente Hills),HIGH,90,POSITIVE(absent),83,6,REVIEW,False
032591TR0,Anaheim Union High,Orange,3.0,2038-08-01,90.243,0.0369,0.0705,True,99.2,10.0,0.0,Relatively Low,1.71,LA BASIN (San Andreas S / Newport-Inglewood / Puente Hills),HIGH,90,POSITIVE(absent),21,3,REVIEW,False
032591TU3,Anaheim Union High,Orange,3.0,2041-08-01,83.41,0.04505,0.0814,True,99.2,10.0,0.0,Relatively Low,1.71,LA BASIN (San Andreas S / Newport-Inglewood / Puente Hills),HIGH,90,POSITIVE(absent),70,3,REVIEW,False
037105JT1,Antioch Unified,Contra Costa,4.0,2038-08-01,99.348,0.04019999999999999,0.0808,False,99.2,40.8,0.036,Relatively High,1.82,BAY (San Andreas N / Hayward),HIGH,90,NEGATIVE,37,2,FLAG,False
037105KT9,Antioch Unified,Contra Costa,4.0,2044-08-01,99.75,0.040839999999999994,0.0821,False,99.2,40.8,0.036,Relatively High,1.82,BAY (San Andreas N / Hayward),HIGH,90,POSITIVE(absent),175,23,REVIEW,False
039069JG5,Arcadia Unified,Los Angeles,2.0,2037-08-01,78.945,0.04399,0.0696,True,99.2,29.6,0.181,Very High,2.18,LA BASIN (San Andreas S / Newport-Inglewood / Puente Hills),HIGH,90,POSITIVE(absent),20,7,REVIEW,False
050002AW4,Atwater Elementary,Merced,5.0,2040-05-01,100.888,0.03972,0.0798,False,100.0,82.9,0.048,Relatively High,0.7,CENTRAL VALLEY / SIERRA (low),LOW,90,N/A-REVENUE,65,5,FLAG,True
055047BJ2,"City of Azusa — Water System Refunding Revenue Bonds, Series 2015 — WATER REVENUE",,4.0,2039-07-01,99.92,0.04008,0.0806,,,,,,,,UNZONED,,N/A-REVENUE,60,6,CLEAR,False
057507LA1,Bakersfield City,Kern,4.0,2042-11-01,98.01,0.04059,0.0816,False,99.2,34.2,0.114,Very High,1.08,CENTRAL VALLEY / SIERRA (low),LOW,90,POSITIVE(absent),87,13,REVIEW,False
058219UM6,Baldwin Park Unified,Los Angeles,3.0,2046-08-01,76.654,0.04646,0.086,True,99.2,28.2,0.0,Relatively Low,1.9,LA BASIN (San Andreas S / Newport-Inglewood / Puente Hills),HIGH,90,POSITIVE(absent),43,6,REVIEW,True
069077FZ3,Barstow Unified,San Bernardino,3.3,2039-08-01,93.108,0.03965,0.0754,True,99.2,65.6,0.177,Relatively High,1.53,INLAND EMPIRE (San Andreas S / San Jacinto),HIGH,90,POSITIVE(absent),15,4,REVIEW,False
070185VC4,Bassett Unified,Los Angeles,3.85,2046-08-01,93.061,0.04324,0.085,True,99.2,3.1,0.0,Very Low,1.93,LA BASIN (San Andreas S / Newport-Inglewood / Puente Hills),HIGH,90,POSITIVE(absent),166,36,REVIEW,False
082023PE6,Benicia Unified,Solano,3.0,2035-08-01,98.574,0.0318,0.0639,False,99.2,76.8,0.12,Relatively High,2.31,BAY (San Andreas N / Hayward),HIGH,90,POSITIVE(absent),15,5,REVIEW,False
084154C68,Berkeley Unified,Alameda,2.0,2039-08-01,77.838,0.042140000000000004,0.0681,True,99.2,26.6,0.0,Relatively Moderate,2.28,BAY (San Andreas N / Hayward),HIGH,90,POSITIVE(absent),39,12,REVIEW,False
084154C76,Berkeley Unified,Alameda,2.0,2040-08-01,75.047,0.043890000000000005,0.0708,True,99.2,26.6,0.0,Relatively Moderate,2.28,BAY (San Andreas N / Hayward),HIGH,90,POSITIVE(absent),61,14,REVIEW,False
088023MT0,Beverly Hills Unified,Los Angeles,3.0,2040-08-01,89.585,0.03968,0.0735,True,99.2,49.5,0.184,Relatively High,2.39,LA BASIN (San Andreas S / Newport-Inglewood / Puente Hills),HIGH,90,POSITIVE(absent),96,16,REVIEW,False
127127MQ8,Cabrillo Unified,San Mateo,4.0,2043-08-01,99.984,0.03966,0.0797,False,99.2,87.5,0.365,Relatively High,2.47,BAY (San Andreas N / Hayward),HIGH,90,POSITIVE(absent),49,6,FLAG,False
127127RW0,Cabrillo Unified,San Mateo,4.0,2045-08-01,97.24,0.04057,0.0815,False,99.2,87.5,0.365,Relatively High,2.47,BAY (San Andreas N / Hayward),HIGH,90,POSITIVE(absent),57,2,FLAG,False
13050TBA5,essential-service water/wastewater revenue,,4.0,2041-08-01,99.45,0.040119999999999996,0.0806,False,,,,,,,UNZONED,,N/A-REVENUE,60,8,CLEAR,False
142665GN2,Carlsbad Unified,San Diego,3.0,2035-08-01,94.618,0.03743,0.0695,True,99.2,73.2,0.0,Relatively Moderate,1.1,SAN DIEGO (Rose Canyon / Elsinore),HIGH,90,POSITIVE(absent),36,3,CLEAR,False
142665GP7,Carlsbad Unified,San Diego,3.0,2036-08-01,95.25,0.03562,0.0674,True,99.2,73.2,0.0,Relatively Moderate,1.1,SAN DIEGO (Rose Canyon / Elsinore),HIGH,90,POSITIVE(absent),22,1,CLEAR,False
142665GR3,Carlsbad Unified,San Diego,3.0,2038-08-01,92.836,0.0374,0.07,True,99.2,73.2,0.0,Relatively Moderate,1.1,SAN DIEGO (Rose Canyon / Elsinore),HIGH,90,POSITIVE(absent),35,1,CLEAR,False
142665GT9,Carlsbad Unified,San Diego,3.0,2040-08-01,87.941,0.04103,0.0755,True,99.2,73.2,0.0,Relatively Moderate,1.1,SAN DIEGO (Rose Canyon / Elsinore),HIGH,90,POSITIVE(absent),50,2,CLEAR,False
142665GV4,Carlsbad Unified,San Diego,3.0,2046-08-01,80.964,0.04439,0.0818,True,99.2,73.2,0.0,Relatively Moderate,1.1,SAN DIEGO (Rose Canyon / Elsinore),HIGH,90,POSITIVE(absent),45,6,CLEAR,False
148371BY2,Castaic Union,Los Angeles,4.0,2042-08-01,98.453,0.04293,0.0863,False,99.2,98.2,0.932,Very High,2.42,LA BASIN (San Andreas S / Newport-Inglewood / Puente Hills),HIGH,90,POSITIVE(absent),22,5,FLAG,False
152339PY7,Centinela Valley Union High,Los Angeles,4.0,2041-08-01,99.474,0.040650000000000006,0.0817,False,99.2,2.3,0.0,Very Low,2.06,LA BASIN (San Andreas S / Newport-Inglewood / Puente Hills),HIGH,90,POSITIVE(absent),139,16,REVIEW,False
152339QG5,Centinela Valley Union High,Los Angeles,3.0,2041-08-01,85.702,0.04294,0.0783,True,99.2,2.3,0.0,Very Low,2.06,LA BASIN (San Andreas S / Newport-Inglewood / Puente Hills),HIGH,90,POSITIVE(absent),105,17,REVIEW,False
152339QJ9,Centinela Valley Union High,Los Angeles,3.0,2044-08-01,82.507,0.0433,0.08,True,99.2,2.3,0.0,Very Low,2.06,LA BASIN (San Andreas S / Newport-Inglewood / Puente Hills),HIGH,90,POSITIVE(absent),279,48,REVIEW,False
156753RK3,Ceres Unified,Stanislaus,4.0,2044-08-01,98.808,0.04093,0.0823,False,99.2,52.8,0.151,Relatively High,0.8,CENTRAL VALLEY / SIERRA (low),LOW,90,POSITIVE(absent),27,4,REVIEW,False
156792MJ9,CERRITOS CCD-A,,4.0,2043-08-01,101.131,0.038220000000000004,0.0768,False,99.2,,,,,,UNZONED,90,CC-ACCREDITED,113,7,CLEAR,False
156792MK6,CERRITOS CCD-A,,4.0,2044-08-01,101.273,0.03814,0.0767,False,99.2,,,,,,UNZONED,90,CC-ACCREDITED,111,9,CLEAR,False
156792NF6,CERRITOS CCD-REF,,4.0,2043-08-01,100.946,0.03558,0.0715,False,99.2,,,,,,UNZONED,90,CC-ACCREDITED,127,17,CLEAR,False
168520PA6,Chico Unified,Butte,3.0,2044-08-01,79.042,0.0473,0.0856,True,99.2,62.6,0.292,Very High,0.93,CENTRAL VALLEY / SIERRA (low),LOW,90,POSITIVE(absent),125,2,REVIEW,True
168520PY4,Chico Unified,Butte,4.0,2044-08-01,99.157,0.03944,0.0793,False,99.2,62.6,0.292,Very High,0.93,CENTRAL VALLEY / SIERRA (low),LOW,90,POSITIVE(absent),77,14,REVIEW,False
169583GZ8,Chino Valley Unified,San Bernardino,4.0,2045-08-01,99.144,0.0401,0.0806,False,99.2,78.5,0.354,Very High,1.95,INLAND EMPIRE (San Andreas S / San Jacinto),HIGH,90,POSITIVE(absent),316,26,FLAG,False
171314KZ9,Chula Vista Elementary,San Diego,4.0,2042-08-01,100.522,0.0365,0.0734,False,99.2,54.4,0.243,Very High,1.11,SAN DIEGO (Rose Canyon / Elsinore),HIGH,90,POSITIVE(absent),47,1,REVIEW,False
171314LA3,Chula Vista Elementary,San Diego,4.0,2043-08-01,100.824,0.03976,0.0799,False,99.2,54.4,0.243,Very High,1.11,SAN DIEGO (Rose Canyon / Elsinore),HIGH,90,POSITIVE(absent),54,9,REVIEW,False
171314LB1,Chula Vista Elementary,San Diego,4.0,2044-08-01,100.065,0.03989,0.0802,False,99.2,54.4,0.243,Very High,1.11,SAN DIEGO (Rose Canyon / Elsinore),HIGH,90,POSITIVE(absent),114,3,REVIEW,True
17132CCV8,Chula Vista Elementary,San Diego,4.0,2041-08-01,99.05,0.040839999999999994,0.0821,False,99.2,54.4,0.243,Very High,1.11,SAN DIEGO (Rose Canyon / Elsinore),HIGH,90,POSITIVE(absent),57,5,REVIEW,False
17132CDL9,Chula Vista Elementary,San Diego,4.0,2041-08-01,99.132,0.04077,0.0819,False,99.2,54.4,0.243,Very High,1.11,SAN DIEGO (Rose Canyon / Elsinore),HIGH,90,POSITIVE(absent),342,20,REVIEW,False
18979PCJ0,essential-service water/wastewater revenue,,4.0,2042-08-01,101.073,0.03767,0.0757,False,,,,,,,UNZONED,,N/A-REVENUE,25,1,UNSCREENED,False
19428UFX0,SEQUOIAS CMNTY CLG DT,,4.0,2046-08-01,99.995,0.04,0.0804,False,99.2,,,,,,UNZONED,90,CC-ACCREDITED,88,3,CLEAR,False
204709HJ1,COMPTON CMNTY CLG-A,,4.0,2043-08-01,100.12,0.04054,0.0815,False,99.2,4.5,0.0,Very Low,,,UNZONED,90,CC-ACCREDITED,110,13,CLEAR,False
212218UX7,essential-service water/wastewater revenue,,4.0,2046-10-01,99.063,0.0391,0.0786,False,,,,,,,UNZONED,,N/A-REVENUE,108,14,UNSCREENED,False
218385BT8,Corona-Norco Unified,Riverside,4.0,2035-07-01,99.9,0.03934,0.0791,,,74.2,0.426,Very High,1.98,INLAND EMPIRE (San Andreas S / San Jacinto),HIGH,90,N/A-REVENUE,13,2,FLAG,False
218385BV3,Corona-Norco Unified,Riverside,3.0,2041-07-01,84.879,0.04306,0.0788,True,,74.2,0.426,Very High,1.98,INLAND EMPIRE (San Andreas S / San Jacinto),HIGH,90,N/A-REVENUE,32,8,UNSCREENED,False
218385BW1,Corona-Norco Unified,Riverside,3.0,2046-07-01,78.796,0.04627,0.0847,True,,74.2,0.426,Very High,1.98,INLAND EMPIRE (San Andreas S / San Jacinto),HIGH,90,N/A-REVENUE,75,13,UNSCREENED,False
21931DAX9,Corning Union High,Tehama,4.0,2042-09-01,98.221,0.0415,0.0834,False,,,,,0.95,OTHER CA,MID,90,N/A-REVENUE,21,3,CLEAR,False
219764RB5,Corona-Norco Unified,Riverside,4.0,2043-08-01,99.484,0.0404,0.0812,False,99.2,74.2,0.426,Very High,1.98,INLAND EMPIRE (San Andreas S / San Jacinto),HIGH,90,POSITIVE(absent),59,4,FLAG,False
223093TK1,Covina-Valley Unified,Los Angeles,3.0,2045-08-01,78.674,0.04692,0.0854,True,99.2,43.9,0.0,Relatively Moderate,1.87,LA BASIN (San Andreas S / Newport-Inglewood / Puente Hills),HIGH,90,POSITIVE(absent),42,4,REVIEW,True
230345KT6,Culver City Unified,Los Angeles,4.0,2044-08-01,96.537,0.040830000000000005,0.0821,False,99.2,25.0,0.0,Relatively Low,2.26,LA BASIN (San Andreas S / Newport-Inglewood / Puente Hills),HIGH,84,QUALIFIED,21,4,FLAG,False
230345ND8,Culver City Unified,Los Angeles,4.0,2045-08-01,98.864,0.0405,0.0814,False,99.2,25.0,0.0,Relatively Low,2.26,LA BASIN (San Andreas S / Newport-Inglewood / Puente Hills),HIGH,84,QUALIFIED,169,20,FLAG,False
250375HB1,DESERT CCD-REF,,4.0,2039-08-01,99.65,0.0392,0.0788,False,99.2,61.2,0.009,Very High,,,UNZONED,90,CC-ACCREDITED,155,11,REVIEW,False
250375JN3,DESERT CCD,,2.0,2039-08-01,80.007,0.04567,0.0709,True,99.2,96.1,0.0,Relatively Moderate,,,UNZONED,90,CC-ACCREDITED,14,4,CLEAR,False
250375KU5,DESERT CMNTY CLG DT-A,,4.0,2041-08-01,99.755,0.040209999999999996,0.0808,False,99.2,96.1,0.0,Relatively Moderate,,,UNZONED,90,CC-ACCREDITED,44,4,CLEAR,False
250375MZ2,DESERT CCD,,4.0,2043-08-01,102.177,0.03605,0.0725,False,99.2,96.1,0.0,Relatively Moderate,,,UNZONED,90,CC-ACCREDITED,161,16,CLEAR,False
250375NA6,DESERT CCD,,4.0,2044-08-01,101.045,0.04045,0.0813,False,99.2,96.1,0.0,Relatively Moderate,,,UNZONED,90,CC-ACCREDITED,50,1,CLEAR,False
250375NB4,DESERT CCD,,4.0,2045-08-01,100.349,0.03943,0.0793,False,99.2,96.1,0.0,Relatively Moderate,,,UNZONED,90,CC-ACCREDITED,202,11,CLEAR,False
250469BF9,essential-service water/wastewater revenue,,3.0,2037-05-01,90.04,0.03907,0.0727,True,,,,,,,UNZONED,,N/A-REVENUE,58,4,UNSCREENED,False
261005PG1,Downey Unified,Los Angeles,4.0,2040-08-01,99.892,0.03851,0.0774,False,99.2,2.6,0.0,Very Low,1.93,LA BASIN (San Andreas S / Newport-Inglewood / Puente Hills),HIGH,90,POSITIVE(absent),53,4,REVIEW,False
263597SC1,Duarte Unified,Los Angeles,4.0,2044-08-01,97.895,0.04086,0.0821,False,99.2,78.6,0.237,Very High,2.02,LA BASIN (San Andreas S / Newport-Inglewood / Puente Hills),HIGH,90,POSITIVE(absent),98,16,REVIEW,False
26362VKS6,Dublin Unified,Alameda,3.0,2036-08-01,93.0,0.03558,0.0682,True,99.2,74.1,0.515,Relatively High,2.11,BAY (San Andreas N / Hayward),HIGH,90,POSITIVE(absent),41,1,FLAG,False
26362VMJ4,Dublin Unified,Alameda,3.0,2036-08-01,95.269,0.035590000000000004,0.0674,True,99.2,74.1,0.515,Relatively High,2.11,BAY (San Andreas N / Hayward),HIGH,90,POSITIVE(absent),43,7,FLAG,False
26362VMK1,Dublin Unified,Alameda,3.0,2037-08-01,92.204,0.03864,0.0715,True,99.2,74.1,0.515,Relatively High,2.11,BAY (San Andreas N / Hayward),HIGH,90,POSITIVE(absent),62,9,FLAG,False
26362VRW0,Dublin Unified,Alameda,2.0,2035-08-01,84.593,0.03989,0.0638,True,99.2,74.1,0.515,Relatively High,2.11,BAY (San Andreas N / Hayward),HIGH,90,POSITIVE(absent),46,9,FLAG,False
26362VRX8,Dublin Unified,Alameda,2.0,2036-08-01,82.585,0.03875,0.0632,True,99.2,74.1,0.515,Relatively High,2.11,BAY (San Andreas N / Hayward),HIGH,90,POSITIVE(absent),112,18,FLAG,False
26362VSX7,Dublin Unified,Alameda,4.0,2044-08-01,99.928,0.04005,0.0805,False,99.2,74.1,0.515,Relatively High,2.11,BAY (San Andreas N / Hayward),HIGH,84,QUALIFIED,159,15,FLAG,False
26362VSY5,Dublin Unified,Alameda,4.0,2045-08-01,98.936,0.03881,0.078,False,99.2,74.1,0.515,Relatively High,2.11,BAY (San Andreas N / Hayward),HIGH,90,POSITIVE(absent),75,1,FLAG,False
26362VSZ2,Dublin Unified,Alameda,4.0,2046-08-01,99.275,0.040519999999999994,0.0814,False,99.2,74.1,0.515,Relatively High,2.11,BAY (San Andreas N / Hayward),HIGH,90,POSITIVE(absent),42,7,FLAG,False
270198BY9,Earlimart Elementary,Tulare,4.0,2041-08-01,99.45,0.04,0.0804,False,99.2,90.3,0.0,Relatively Moderate,0.8,CENTRAL VALLEY / SIERRA (low),LOW,90,POSITIVE(absent),29,1,REVIEW,False
271014D25,essential-service water/wastewater revenue,,3.0,2036-06-01,96.95,0.03467,0.0659,True,,,,,,,UNZONED,,N/A-REVENUE,32,5,UNSCREENED,False
271014D33,essential-service water/wastewater revenue,,3.0,2037-06-01,94.633,0.0359,0.0679,True,,,,,,,UNZONED,88,N/A-REVENUE,23,5,CLEAR,False
271014D58,"East Bay Municipal Utility District (EBMUD) — Water System Revenue Bonds, Series 2017A/B (5% coupon) — WATER REVENUE",,5.0,2045-06-01,101.194,0.038,0.0764,,,,,,,,UNZONED,,N/A-REVENUE,69,6,CLEAR,False
271014D66,"East Bay Municipal Utility District (EBMUD) — Water System Revenue Bonds, Series 2017A/B — WATER REVENUE",,4.0,2045-06-01,100.23,0.03998,0.0804,,,,,,,,UNZONED,,N/A-REVENUE,178,17,CLEAR,False
275282ML2,CA school/CC district GO,,4.0,2034-08-01,99.814,0.03869,0.0778,False,99.2,,,,,,UNZONED,88,UNRESOLVED,40,5,FLAG,False
275282MQ1,CA school/CC district GO,,3.0,2038-08-01,89.63,0.04093,0.0747,True,99.2,,,,,,UNZONED,88,UNRESOLVED,40,7,FLAG,False
275282MR9,CA school/CC district GO,,3.0,2039-08-01,90.063,0.03979,0.0734,True,99.2,,,,,,UNZONED,88,UNRESOLVED,127,28,FLAG,False
275282PC9,CA school/CC district GO,,3.0,2034-08-01,95.601,0.03404,0.0657,True,99.2,,,,,,UNZONED,88,UNRESOLVED,52,4,FLAG,False
275282PD7,CA school/CC district GO,,3.0,2035-08-01,96.345,0.03469,0.0661,True,99.2,,,,,,UNZONED,88,UNRESOLVED,43,3,FLAG,False
27677SBM4,essential-service water/wastewater revenue,,4.0,2037-07-01,103.387,0.03094,0.0622,False,,,,,,,UNZONED,,N/A-REVENUE,125,4,UNSCREENED,False
27677SBN2,essential-service water/wastewater revenue,,4.0,2038-07-01,102.732,0.03154,0.0634,False,,,,,,,UNZONED,,N/A-REVENUE,114,6,UNSCREENED,False
27677SCM3,essential-service water/wastewater revenue,,4.0,2034-07-01,100.15,0.040209999999999996,0.0808,False,,,,,,,UNZONED,,N/A-REVENUE,176,31,UNSCREENED,False
27677SCN1,essential-service water/wastewater revenue,,4.0,2035-07-01,99.787,0.04018,0.0808,False,,,,,,,UNZONED,,N/A-REVENUE,142,27,CLEAR,False
282726JV1,EL CAMINO CCD-E,,4.0,2043-08-01,100.958,0.03862,0.0776,False,99.2,,,,,,UNZONED,90,CC-ACCREDITED,37,2,CLEAR,False
283353TV2,El Monte Union High,Los Angeles,4.0,2044-06-01,97.461,0.040220000000000006,0.0808,False,99.2,18.1,0.0,Relatively Low,2.09,LA BASIN (San Andreas S / Newport-Inglewood / Puente Hills),HIGH,90,POSITIVE(absent),46,3,REVIEW,False
283353VL1,El Monte Union High,Los Angeles,4.0,2041-06-01,98.852,0.04002,0.0804,False,99.2,18.1,0.0,Relatively Low,2.09,LA BASIN (San Andreas S / Newport-Inglewood / Puente Hills),HIGH,90,POSITIVE(absent),13,3,REVIEW,False
283353VM9,El Monte Union High,Los Angeles,4.0,2046-06-01,97.71,0.040069999999999995,0.0805,False,99.2,18.1,0.0,Relatively Low,2.09,LA BASIN (San Andreas S / Newport-Inglewood / Puente Hills),HIGH,90,POSITIVE(absent),89,11,REVIEW,False
283839ZG6,El Rancho Unified,Los Angeles,4.0,2042-08-01,98.939,0.03935,0.0791,False,99.2,20.1,0.0,Relatively Moderate,2.13,LA BASIN (San Andreas S / Newport-Inglewood / Puente Hills),HIGH,90,POSITIVE(absent),66,9,REVIEW,False
287281YX1,Elk Grove Unified,Sacramento,4.0,2044-08-01,99.755,0.03844,0.0773,False,99.2,54.7,0.119,Relatively High,0.63,CENTRAL VALLEY / SIERRA (low),LOW,90,POSITIVE(absent),106,6,CLEAR,False
291119KP9,Emery Unified,Alameda,3.0,2045-08-01,77.942,0.04768,0.0866,True,99.2,4.7,0.0,Very Low,2.06,BAY (San Andreas N / Hayward),HIGH,90,POSITIVE(absent),32,7,REVIEW,True
29368PDR7,Enterprise Elementary,Shasta,4.0,2044-08-01,96.19,0.04062,0.0816,False,99.2,82.4,0.383,Very High,1.28,OTHER CA,MID,90,POSITIVE(absent),37,2,FLAG,False
29368PGM5,Enterprise Elementary,Shasta,4.0,2046-08-01,100.04,0.03995,0.0803,False,99.2,82.4,0.383,Very High,1.28,OTHER CA,MID,90,POSITIVE(absent),41,3,FLAG,False
296371UC9,Escondido Union,San Diego,4.0,2043-08-01,99.277,0.04041,0.0812,False,99.2,75.4,0.486,Very High,1.03,SAN DIEGO (Rose Canyon / Elsinore),HIGH,90,POSITIVE(absent),39,4,FLAG,False
297667AV9,Etiwanda Elementary,San Bernardino,4.0,2037-08-01,99.796,0.03531,0.071,False,99.2,73.0,0.251,Very High,2.27,INLAND EMPIRE (San Andreas S / San Jacinto),HIGH,90,POSITIVE(absent),19,3,REVIEW,False
301701EC8,Exeter Unified,Tulare,4.0,2045-08-01,99.669,0.03994,0.0803,False,99.2,89.1,0.218,Very High,0.62,CENTRAL VALLEY / SIERRA (low),LOW,90,POSITIVE(absent),13,2,REVIEW,False
306477NC0,Fallbrook Union High,San Diego,4.0,2046-08-01,98.466,0.043,0.0864,False,99.2,99.4,0.951,Very High,1.17,SAN DIEGO (Rose Canyon / Elsinore),HIGH,90,POSITIVE(absent),74,3,FLAG,False
34440PBT7,Monrovia Unified,Los Angeles,4.0,2039-10-01,99.586,0.0404,0.0812,False,99.2,50.2,0.18,Very High,2.08,LA BASIN (San Andreas S / Newport-Inglewood / Puente Hills),HIGH,90,UNRESOLVED-AMBIG,130,16,FLAG,False
34440PBY6,Monrovia Unified,Los Angeles,4.0,2044-10-01,98.462,0.0412,0.0828,False,99.2,50.2,0.18,Very High,2.08,LA BASIN (San Andreas S / Newport-Inglewood / Puente Hills),HIGH,90,UNRESOLVED-AMBIG,231,19,FLAG,False
34440VCP1,Monrovia Unified,Los Angeles,4.0,2043-10-01,98.083,0.040810000000000006,0.082,False,99.2,50.2,0.18,Very High,2.08,LA BASIN (San Andreas S / Newport-Inglewood / Puente Hills),HIGH,90,UNRESOLVED-AMBIG,122,6,FLAG,False
353856Q75,Franklin-McKinley Elementary,Santa Clara,4.0,2044-08-01,95.671,0.040830000000000005,0.0821,False,99.2,15.1,0.0,Very Low,1.55,BAY (San Andreas N / Hayward),HIGH,84,QUALIFIED,67,14,FLAG,False
357155AJ9,Fremont Unified,Alameda,2.0,2034-08-01,87.252,0.03837,0.0615,True,99.2,34.3,0.0,Relatively Moderate,2.32,BAY (San Andreas N / Hayward),HIGH,84,QUALIFIED,120,21,FLAG,False
357155AM2,Fremont Unified,Alameda,2.0,2037-08-01,79.444,0.04337,0.0688,True,99.2,34.3,0.0,Relatively Moderate,2.32,BAY (San Andreas N / Hayward),HIGH,84,QUALIFIED,19,2,FLAG,False
357155DC1,Fremont Unified,Alameda,4.0,2043-08-01,99.526,0.04099,0.0824,False,99.2,34.3,0.0,Relatively Moderate,2.32,BAY (San Andreas N / Hayward),HIGH,84,QUALIFIED,43,1,FLAG,False
357155DY3,Fremont Unified,Alameda,4.0,2045-08-01,99.264,0.042249999999999996,0.0849,False,99.2,34.3,0.0,Relatively Moderate,2.32,BAY (San Andreas N / Hayward),HIGH,84,QUALIFIED,54,7,FLAG,False
357155DZ0,Fremont Unified,Alameda,4.0,2046-08-01,98.799,0.036789999999999996,0.0739,False,99.2,34.3,0.0,Relatively Moderate,2.32,BAY (San Andreas N / Hayward),HIGH,84,QUALIFIED,194,12,FLAG,False
357172E92,Fremont Union High,Santa Clara,3.0,2036-08-01,96.752,0.03381,0.0651,True,99.2,27.2,0.043,Relatively High,1.87,BAY (San Andreas N / Hayward),HIGH,90,POSITIVE(absent),14,2,REVIEW,False
357172F26,Fremont Union High,Santa Clara,3.0,2037-08-01,95.809,0.032690000000000004,0.0643,True,99.2,27.2,0.043,Relatively High,1.87,BAY (San Andreas N / Hayward),HIGH,90,POSITIVE(absent),31,1,REVIEW,False
357172F34,Fremont Union High,Santa Clara,3.0,2038-08-01,92.092,0.0382,0.0711,True,99.2,27.2,0.043,Relatively High,1.87,BAY (San Andreas N / Hayward),HIGH,90,POSITIVE(absent),64,7,REVIEW,False
357172G41,Fremont Union High,Santa Clara,3.0,2035-08-01,97.583,0.03268,0.0637,True,99.2,27.2,0.043,Relatively High,1.87,BAY (San Andreas N / Hayward),HIGH,90,POSITIVE(absent),63,5,REVIEW,False
357172YL3,Fremont Unified,Alameda,4.0,2046-08-01,99.965,0.04002,0.0804,False,99.2,34.3,0.0,Relatively Moderate,2.32,BAY (San Andreas N / Hayward),HIGH,90,UNRESOLVED-AMBIG,201,9,FLAG,False
357172ZT5,Fremont Union High,Santa Clara,4.0,2038-08-01,98.822,0.04075,0.0819,False,99.2,27.2,0.043,Relatively High,1.87,BAY (San Andreas N / Hayward),HIGH,90,POSITIVE(absent),30,2,REVIEW,False
357172ZW8,Fremont Union High,Santa Clara,4.0,2046-08-01,97.958,0.040060000000000005,0.0805,False,99.2,27.2,0.043,Relatively High,1.87,BAY (San Andreas N / Hayward),HIGH,90,POSITIVE(absent),97,2,REVIEW,False
3582324T0,Fresno Unified,Fresno,4.0,2043-08-01,98.45,0.04038,0.0812,False,99.2,16.7,0.0,Relatively Low,0.72,CENTRAL VALLEY / SIERRA (low),LOW,90,POSITIVE(absent),75,8,REVIEW,False
359796FL8,Fullerton Joint Union High,Orange,4.0,2041-08-01,100.457,0.03578,0.0719,False,99.2,20.8,0.025,Relatively High,1.85,LA BASIN (San Andreas S / Newport-Inglewood / Puente Hills),HIGH,90,POSITIVE(absent),80,4,REVIEW,False
359796KV0,Fullerton Joint Union High,Orange,4.0,2045-08-01,100.845,0.03863,0.0776,False,99.2,20.8,0.025,Relatively High,1.85,LA BASIN (San Andreas S / Newport-Inglewood / Puente Hills),HIGH,90,POSITIVE(absent),97,5,REVIEW,False
366658SD5,CA school/CC district GO,,4.0,2046-08-01,94.857,0.040220000000000006,0.0848,True,99.2,,,,,,UNZONED,88,UNRESOLVED,182,6,FLAG,False
366658VV1,CA school/CC district GO,,4.0,2044-08-01,99.944,0.0397,0.0798,False,99.2,,,,,,UNZONED,88,UNRESOLVED,14,4,FLAG,False
376087ER9,Gilroy Unified,Santa Clara,4.0,2041-08-01,99.735,0.040229999999999995,0.0809,False,99.2,75.9,0.187,Relatively High,1.73,BAY (San Andreas N / Hayward),HIGH,90,POSITIVE(absent),69,5,REVIEW,False
376087ES7,Gilroy Unified,Santa Clara,4.0,2046-08-01,96.78,0.04069,0.0818,False,99.2,75.9,0.187,Relatively High,1.73,BAY (San Andreas N / Hayward),HIGH,90,POSITIVE(absent),133,9,REVIEW,False
376087FS6,Gilroy Unified,Santa Clara,4.0,2044-08-01,97.71,0.04,0.0804,False,99.2,75.9,0.187,Relatively High,1.73,BAY (San Andreas N / Hayward),HIGH,90,POSITIVE(absent),51,6,REVIEW,False
378460XP9,Glendale Unified,Los Angeles,4.0,2037-09-01,99.08,0.04102,0.0825,False,99.2,41.4,0.205,Very High,2.46,LA BASIN (San Andreas S / Newport-Inglewood / Puente Hills),HIGH,90,POSITIVE(absent),32,2,REVIEW,False
399262LZ5,Grossmont Union High,San Diego,3.0,2037-08-01,91.231,0.03963,0.0728,True,99.2,60.4,0.341,Very High,0.89,SAN DIEGO (Rose Canyon / Elsinore),HIGH,90,POSITIVE(absent),17,5,FLAG,False
399262MA9,Grossmont Union High,San Diego,3.0,2045-08-01,78.35,0.0463,0.085,True,99.2,60.4,0.341,Very High,0.89,SAN DIEGO (Rose Canyon / Elsinore),HIGH,90,POSITIVE(absent),343,24,FLAG,False
399262MD3,Grossmont Union High,San Diego,3.0,2039-08-01,87.446,0.0407,0.0753,True,99.2,60.4,0.341,Very High,0.89,SAN DIEGO (Rose Canyon / Elsinore),HIGH,90,POSITIVE(absent),131,19,FLAG,False
399262ME1,Grossmont Union High,San Diego,4.0,2042-08-01,96.783,0.04275,0.0859,False,99.2,60.4,0.341,Very High,0.89,SAN DIEGO (Rose Canyon / Elsinore),HIGH,90,POSITIVE(absent),15,3,FLAG,False
399262NX8,Grossmont Union High,San Diego,4.0,2042-08-01,99.58,0.0405,0.0814,False,99.2,60.4,0.341,Very High,0.89,SAN DIEGO (Rose Canyon / Elsinore),HIGH,90,POSITIVE(absent),101,5,FLAG,False
399262RN6,Grossmont Union High,San Diego,4.0,2043-08-01,100.419,0.03205,0.0644,False,99.2,60.4,0.341,Very High,0.89,SAN DIEGO (Rose Canyon / Elsinore),HIGH,90,POSITIVE(absent),79,4,FLAG,False
399262SN5,Grossmont Union High,San Diego,4.0,2044-08-01,99.596,0.04031,0.081,False,99.2,60.4,0.341,Very High,0.89,SAN DIEGO (Rose Canyon / Elsinore),HIGH,90,POSITIVE(absent),64,2,FLAG,False
399267JG9,GROSSMONT CCD-C,,4.0,2046-08-01,98.644,0.04099,0.0824,False,99.2,60.4,0.341,Very High,,,UNZONED,90,CC-ACCREDITED,72,6,FLAG,False
417123FR2,HARTNELL CCD-A,,3.0,2036-08-01,95.464,0.0353,0.067,True,99.2,,,,,,UNZONED,90,CC-ACCREDITED,12,1,CLEAR,False
417123FT8,HARTNELL CCD-A,,4.0,2042-08-01,100.439,0.04005,0.0805,False,99.2,,,,,,UNZONED,90,CC-ACCREDITED,90,7,CLEAR,False
417123GM2,HARTNELL CMNTY CLG DT,,3.0,2045-08-01,79.402,0.044800000000000006,0.083,True,99.2,,,,,,UNZONED,90,CC-ACCREDITED,19,2,CLEAR,False
4212903T2,Hayward Unified,Alameda,4.0,2040-08-01,99.99,0.04,0.0804,False,99.2,44.0,0.063,Very High,2.24,BAY (San Andreas N / Hayward),HIGH,84,QUALIFIED,133,23,FLAG,False
4212904N4,Hayward Unified,Alameda,4.0,2039-08-01,99.8,0.040190000000000003,0.0808,False,99.2,44.0,0.063,Very High,2.24,BAY (San Andreas N / Hayward),HIGH,84,QUALIFIED,163,10,FLAG,False
4212904P9,Hayward Unified,Alameda,4.0,2042-08-01,97.089,0.0425,0.0854,False,99.2,44.0,0.063,Very High,2.24,BAY (San Andreas N / Hayward),HIGH,84,QUALIFIED,62,7,FLAG,False
4212905R4,Hayward Unified,Alameda,4.0,2043-08-01,99.73,0.04005,0.0805,False,99.2,44.0,0.063,Very High,2.24,BAY (San Andreas N / Hayward),HIGH,84,QUALIFIED,467,19,FLAG,False
4212906Y8,Hayward Unified,Alameda,4.0,2045-08-01,98.07,0.04009,0.0806,False,99.2,44.0,0.063,Very High,2.24,BAY (San Andreas N / Hayward),HIGH,84,QUALIFIED,173,10,FLAG,False
423542PE3,Hemet Unified,Riverside,4.0,2042-08-01,99.705,0.040519999999999994,0.0814,False,99.2,85.8,0.506,Very High,2.2,INLAND EMPIRE (San Andreas S / San Jacinto),HIGH,90,POSITIVE(absent),27,1,FLAG,False
435650EB8,Hollister,San Benito,4.0,2044-09-01,96.995,0.040830000000000005,0.0821,False,99.2,81.3,0.486,Very High,2.65,OTHER CA,MID,90,POSITIVE(absent),72,8,FLAG,False
435650EZ5,Hollister,San Benito,4.0,2042-09-01,98.67,0.041120000000000004,0.0827,False,99.2,81.3,0.486,Very High,2.65,OTHER CA,MID,90,POSITIVE(absent),26,2,FLAG,False
435650FA9,Hollister,San Benito,4.0,2046-09-01,96.733,0.043789999999999996,0.088,False,99.2,81.3,0.486,Very High,2.65,OTHER CA,MID,90,POSITIVE(absent),39,9,FLAG,False
435650FQ4,Hollister,San Benito,4.0,2042-09-01,96.27,0.040549999999999996,0.0815,False,99.2,81.3,0.486,Very High,2.65,OTHER CA,MID,90,POSITIVE(absent),57,1,FLAG,False
435650FR2,Hollister,San Benito,4.0,2046-09-01,96.701,0.040940000000000004,0.0823,False,99.2,81.3,0.486,Very High,2.65,OTHER CA,MID,90,POSITIVE(absent),69,11,FLAG,False
439413FZ3,Hope Elementary,Santa Barbara,4.0,2045-08-01,99.11,0.04062,0.0816,False,99.2,82.1,0.183,Very High,2.5,OTHER CA,MID,90,POSITIVE(absent),16,2,REVIEW,False
444258HB6,Hueneme Elementary,Ventura,3.0,2044-08-01,81.912,0.044500000000000005,0.0815,True,99.2,19.4,0.0,Relatively Low,1.81,LA BASIN (San Andreas S / Newport-Inglewood / Puente Hills),HIGH,90,POSITIVE(absent),29,6,REVIEW,False
444258HK6,Hueneme Elementary,Ventura,4.0,2040-08-01,100.119,0.03934,0.0791,False,99.2,19.4,0.0,Relatively Low,1.81,LA BASIN (San Andreas S / Newport-Inglewood / Puente Hills),HIGH,90,POSITIVE(absent),25,2,REVIEW,False
444258JA6,Hueneme Elementary,Ventura,4.0,2042-08-01,98.253,0.04011,0.0806,False,99.2,19.4,0.0,Relatively Low,1.81,LA BASIN (San Andreas S / Newport-Inglewood / Puente Hills),HIGH,90,POSITIVE(absent),16,1,REVIEW,False
452641HM8,IMPERIAL CLG DIST-REF,,4.0,2040-08-01,99.781,0.040350000000000004,0.0811,False,99.2,85.0,0.0,Relatively Moderate,,,UNZONED,90,CC-ACCREDITED,100,7,REVIEW,False
452650KM5,Imperial Unified,Imperial,4.0,2041-11-01,99.474,0.04016,0.0807,False,99.2,85.0,0.0,Relatively Moderate,2.47,SAN DIEGO (Rose Canyon / Elsinore),HIGH,90,POSITIVE(absent),40,1,REVIEW,False
457110MC5,Inglewood Unified,Los Angeles,4.0,2039-08-01,99.557,0.04043,0.0813,False,99.2,12.2,0.0,Relatively Low,2.16,LA BASIN (San Andreas S / Newport-Inglewood / Puente Hills),HIGH,90,POSITIVE(absent),78,12,REVIEW,False
463610KJ3,Irvine Unified,Orange,4.0,2044-09-01,99.848,0.04,0.0804,False,99.2,48.2,0.179,Very High,1.43,LA BASIN (San Andreas S / Newport-Inglewood / Puente Hills),HIGH,90,POSITIVE(absent),31,1,REVIEW,False
472412SC0,Jefferson Elementary,San Benito,3.0,2034-09-01,98.292,0.03235,0.065,False,99.2,60.9,0.076,Very High,2.07,OTHER CA,MID,90,POSITIVE(absent),18,4,REVIEW,False
472412SD8,Jefferson Elementary,San Benito,3.0,2035-09-01,97.336,0.03336,0.0645,True,99.2,60.9,0.076,Very High,2.07,OTHER CA,MID,90,POSITIVE(absent),29,1,REVIEW,False
482124RJ5,Jurupa Unified,Riverside,4.0,2041-08-01,99.995,0.04063,0.0817,False,99.2,89.0,0.383,Relatively High,1.63,INLAND EMPIRE (San Andreas S / San Jacinto),HIGH,90,POSITIVE(absent),262,18,FLAG,False
482124SG0,Jurupa Unified,Riverside,4.0,2040-08-01,99.907,0.0359,0.0722,False,99.2,89.0,0.383,Relatively High,1.63,INLAND EMPIRE (San Andreas S / San Jacinto),HIGH,90,POSITIVE(absent),29,4,FLAG,False
482124SH8,Jurupa Unified,Riverside,4.0,2043-08-01,98.971,0.04063,0.0817,False,99.2,89.0,0.383,Relatively High,1.63,INLAND EMPIRE (San Andreas S / San Jacinto),HIGH,90,POSITIVE(absent),128,2,FLAG,False
492244FZ6,KERN CA CMNTY CLG-BAM,,3.0,2046-08-01,79.206,0.04589000000000001,0.0841,True,99.2,,,,,,UNZONED,90,CC-UNKNOWN,25,9,REVIEW,False
49228YAV0,essential-service water/wastewater revenue,,4.0,2036-05-01,99.84,0.040069999999999995,0.0805,False,,,,,,,UNZONED,,N/A-REVENUE,50,8,FLAG,False
49228YAX6,essential-service water/wastewater revenue,,4.0,2038-05-01,99.691,0.04016,0.0807,False,,,,,,,UNZONED,,N/A-REVENUE,31,8,FLAG,False
50964EBK3,Lake Elsinore Unified,Riverside,4.0,2044-08-01,98.434,0.040220000000000006,0.0808,False,99.2,95.5,0.81,Very High,1.96,INLAND EMPIRE (San Andreas S / San Jacinto),HIGH,90,POSITIVE(absent),46,4,FLAG,False
511005AX8,LAKE TAHOE CCD-SER A,,4.0,2045-08-01,97.0,0.040369999999999996,0.0811,False,99.2,87.1,0.17,Very High,,,UNZONED,90,CC-ACCREDITED,131,19,REVIEW,False
511005AY6,LAKE TAHOE CCD-SER A,,4.0,2040-08-01,99.03,0.04042,0.0812,False,99.2,87.1,0.17,Very High,,,UNZONED,90,CC-ACCREDITED,15,2,REVIEW,False
512138FX1,Lakeside Union,Kern,4.0,2045-08-01,96.783,0.04247,0.0854,False,99.2,66.4,0.278,Relatively High,1.27,CENTRAL VALLEY / SIERRA (low),LOW,90,POSITIVE(absent),29,3,REVIEW,False
517624PT3,Las Lomitas Elementary,San Mateo,3.0,2035-07-01,97.927,0.03265,0.0656,False,99.2,76.4,0.261,Relatively High,2.36,BAY (San Andreas N / Hayward),HIGH,90,POSITIVE(absent),27,4,REVIEW,False
519547EE9,Lawndale Elementary,Los Angeles,4.0,2046-08-01,96.631,0.0425,0.0854,False,99.2,5.5,0.0,Very Low,2.04,LA BASIN (San Andreas S / Newport-Inglewood / Puente Hills),HIGH,90,POSITIVE(absent),47,7,REVIEW,True
519547JX2,Lawndale Elementary,Los Angeles,4.0,2045-08-01,99.863,0.04,0.0804,False,99.2,5.5,0.0,Very Low,2.04,LA BASIN (San Andreas S / Newport-Inglewood / Puente Hills),HIGH,90,POSITIVE(absent),17,1,REVIEW,False
519547JY0,Lawndale Elementary,Los Angeles,4.0,2046-08-01,99.1,0.04074,0.0819,False,99.2,5.5,0.0,Very Low,2.04,LA BASIN (San Andreas S / Newport-Inglewood / Puente Hills),HIGH,90,POSITIVE(absent),17,5,REVIEW,False
530319RF1,Liberty Union High,Contra Costa,4.0,2042-08-01,100.214,0.04005,0.0805,False,99.2,63.7,0.146,Relatively High,1.55,BAY (San Andreas N / Hayward),HIGH,90,UNRESOLVED-AMBIG,176,14,FLAG,False
535545GE1,Lindsay Unified,Tulare,4.0,2045-08-01,95.579,0.04079,0.082,False,99.2,86.2,0.259,Very High,0.64,CENTRAL VALLEY / SIERRA (low),LOW,90,POSITIVE(absent),51,2,REVIEW,False
538310H30,Livermore Valley Joint Unified,Alameda,4.0,2041-08-01,99.69,0.04027,0.0809,False,99.2,74.8,0.428,Very High,2.04,BAY (San Andreas N / Hayward),HIGH,84,QUALIFIED,23,4,FLAG,False
538310L43,Livermore Valley Joint Unified,Alameda,4.0,2046-08-01,95.461,0.041100000000000005,0.0826,False,99.2,74.8,0.428,Very High,2.04,BAY (San Andreas N / Hayward),HIGH,84,QUALIFIED,173,10,FLAG,False
53833PAW6,,,,,,,,,,,,,,,UNZONED,,,,,UNSCREENED,False
542411NC3,LONG BEACH CMNTY CLG,,4.0,2045-08-01,98.322,0.04127,0.083,False,99.2,8.5,0.0,Relatively Moderate,,,UNZONED,90,CC-UNKNOWN,94,3,REVIEW,False
544647DN7,Los Angeles Unified,Los Angeles,4.0,2044-07-01,99.986,0.03256,0.0654,False,99.2,17.9,0.056,Very High,2.26,LA BASIN (San Andreas S / Newport-Inglewood / Puente Hills),HIGH,90,POSITIVE(absent),196,14,REVIEW,False
547541LJ9,Lowell Joint,Orange,3.0,2044-08-01,78.12,0.04819,0.087,True,99.2,43.9,0.151,Relatively High,1.99,LA BASIN (San Andreas S / Newport-Inglewood / Puente Hills),HIGH,90,POSITIVE(absent),22,3,REVIEW,True
551800FJ9,Lynwood Unified,Los Angeles,4.0,2041-08-01,99.64,0.04096,0.0823,False,99.2,0.0,0.0,No Rating,1.95,LA BASIN (San Andreas S / Newport-Inglewood / Puente Hills),HIGH,90,POSITIVE(absent),82,15,REVIEW,False
551800HW8,Lynwood Unified,Los Angeles,4.0,2045-08-01,95.846,0.04156,0.0835,False,99.2,0.0,0.0,No Rating,1.95,LA BASIN (San Andreas S / Newport-Inglewood / Puente Hills),HIGH,90,POSITIVE(absent),102,6,REVIEW,False
562785PH2,Manhattan Beach Unified,Los Angeles,4.0,2045-09-01,99.396,0.04045,0.0813,False,99.2,19.8,0.0,Very Low,2.12,LA BASIN (San Andreas S / Newport-Inglewood / Puente Hills),HIGH,90,POSITIVE(absent),263,31,REVIEW,False
564538DW3,Manteca Unified,San Joaquin,4.0,2045-08-01,99.317,0.041609999999999994,0.0836,False,99.2,61.2,0.0,Relatively Moderate,0.86,CENTRAL VALLEY / SIERRA (low),LOW,90,POSITIVE(absent),237,22,REVIEW,False
564538GA8,Manteca Unified,San Joaquin,4.0,2045-08-01,98.148,0.04141,0.0832,False,99.2,61.2,0.0,Relatively Moderate,0.86,CENTRAL VALLEY / SIERRA (low),LOW,90,POSITIVE(absent),41,5,REVIEW,True
580415LW5,McFarland Unified,Kern,4.0,2045-11-01,97.681,0.04119,0.0828,False,99.2,92.5,0.298,Very High,0.88,CENTRAL VALLEY / SIERRA (low),LOW,90,POSITIVE(absent),28,2,REVIEW,False
58321CAE3,Meadows Union,Imperial,4.0,2038-08-01,100.0,0.039900000000000005,0.0802,False,99.2,83.4,0.0,Relatively Moderate,2.63,SAN DIEGO (Rose Canyon / Elsinore),HIGH,90,POSITIVE(absent),29,1,REVIEW,False
58661PDN9,MENDOCINO-LAKE CCD-A,Mendocino,3.0,2041-08-01,84.902,0.043710000000000006,0.0794,True,99.2,97.4,0.914,Relatively High,1.96,OTHER CA,MID,90,CC-ACCREDITED,34,3,FLAG,False
586807HW2,Denair Unified,Stanislaus,4.0,2043-08-01,99.411,0.040220000000000006,0.0808,False,99.2,49.9,0.229,Relatively High,0.72,CENTRAL VALLEY / SIERRA (low),LOW,90,UNRESOLVED-AMBIG,128,8,FLAG,False
587616CP6,"Merced Irrigation District — Electric System Refunding Revenue Bonds, Series 2015A — ELECTRIC REVENUE",,4.0,2035-10-01,99.9,0.04059,0.0816,,,,,,,,UNZONED,,N/A-REVENUE,72,7,CLEAR,False
587619BF3,"Merced Irrigation District — Water and Hydroelectric System Refunding Revenue Bonds, Series 2014A — WATER REVENUE",,4.0,2038-10-01,100.018,0.0401,0.0806,,,,,,,,UNZONED,,N/A-REVENUE,79,7,CLEAR,False
59266TMA6,essential-service water/wastewater revenue,,4.0,2045-07-01,98.387,0.040010000000000004,0.0804,False,,,,,,,UNZONED,88,N/A-REVENUE,64,11,REVIEW,False
601670LZ3,Milpitas Unified,Santa Clara,3.0,2042-08-01,83.954,0.043769999999999996,0.0799,True,99.2,35.3,0.013,Relatively High,2.55,BAY (San Andreas N / Hayward),HIGH,90,POSITIVE(absent),36,9,REVIEW,False
604617AY6,MIRACOSTA CMNTY CLG,,3.0,2037-08-01,90.898,0.040069999999999995,0.0734,True,99.2,,,,,,UNZONED,90,CC-ACCREDITED,19,3,CLEAR,False
604617CA6,MIRACOSTA CMNTY CLG,,4.0,2045-08-01,100.372,0.03656,0.0735,False,99.2,,,,,,UNZONED,90,CC-ACCREDITED,48,5,CLEAR,False
607735CA3,Modesto City Elementary,Stanislaus,3.0,2043-08-01,81.404,0.045739999999999996,0.083,True,99.2,28.5,0.0,Relatively Low,0.83,CENTRAL VALLEY / SIERRA (low),LOW,90,POSITIVE(absent),29,4,CLEAR,True
607735CS4,Modesto City Elementary,Stanislaus,3.0,2036-08-01,93.067,0.03831,0.0709,True,99.2,28.5,0.0,Relatively Low,0.83,CENTRAL VALLEY / SIERRA (low),LOW,90,POSITIVE(absent),18,1,CLEAR,False
607767AV2,"Modesto Irrigation District Financing Authority — Electric System (Refunding) Revenue Bonds, Series 2015A/B — ELECTRIC REVENUE",,4.0,2035-10-01,100.0,0.0393,0.079,,,,,,,,UNZONED,,N/A-REVENUE,73,7,CLEAR,False
612289TD0,Montebello Unified,Los Angeles,4.0,2046-08-01,98.174,0.041299999999999996,0.083,False,99.2,9.3,0.0,Relatively Low,2.14,LA BASIN (San Andreas S / Newport-Inglewood / Puente Hills),HIGH,90,POSITIVE(absent),116,5,REVIEW,False
612574EN9,MONTEREY PENINSULA CC,Monterey,3.0,2034-08-01,97.14,0.03357,0.0648,True,99.2,66.5,0.205,Relatively High,1.49,OTHER CA,MID,90,CC-ACCREDITED,43,1,REVIEW,False
612574FP3,MONTEREY CMNTY CLG-B,,4.0,2042-08-01,102.815,0.0355,0.0714,False,99.2,86.2,0.245,Relatively High,,,UNZONED,90,CC-UNKNOWN,60,2,REVIEW,False
612574FR9,MONTEREY CMNTY CLG-B,,4.0,2044-08-01,100.528,0.03595,0.0723,False,99.2,86.2,0.245,Relatively High,,,UNZONED,90,CC-UNKNOWN,31,1,REVIEW,False
612574FS7,MONTEREY CMNTY CLG-B,,4.0,2045-08-01,98.863,0.04086,0.0821,False,99.2,86.2,0.245,Relatively High,,,UNZONED,90,CC-UNKNOWN,24,4,REVIEW,False
612582BL9,Monterey Peninsula Unified,Monterey,4.0,2045-08-01,98.569,0.040940000000000004,0.0823,False,99.2,66.5,0.205,Relatively High,1.49,OTHER CA,MID,90,UNRESOLVED-AMBIG,65,13,FLAG,False
612582FK7,Monterey Peninsula Unified,Monterey,4.0,2043-08-01,99.088,0.03818,0.0767,False,99.2,66.5,0.205,Relatively High,1.49,OTHER CA,MID,90,POSITIVE(absent),81,4,REVIEW,False
616421CK7,CA school/CC district GO,,4.0,2039-08-01,99.595,0.04031,0.081,False,99.2,,,,,,UNZONED,88,UNRESOLVED,13,1,FLAG,False
616871MJ5,Moreno Valley Unified,Riverside,4.0,2045-08-01,98.846,0.0404,0.0812,False,99.2,80.0,0.613,Very High,2.1,INLAND EMPIRE (San Andreas S / San Jacinto),HIGH,90,POSITIVE(absent),105,14,FLAG,False
622344JJ9,Mount Pleasant Elementary,Santa Clara,4.0,2043-08-01,100.516,0.03916,0.0787,False,99.2,62.3,0.189,Relatively High,2.23,BAY (San Andreas N / Hayward),HIGH,90,POSITIVE(absent),25,1,REVIEW,False
623040PX4,MT SAN ANTONIO CCD-D,,4.0,2044-08-01,101.241,0.03643,0.0732,False,99.2,,,,,,UNZONED,90,CC-ACCREDITED,186,12,CLEAR,False
623053BW4,MT SAN JACINTO CLG-B,,4.0,2043-08-01,100.106,0.0408,0.082,False,99.2,95.1,0.735,Very High,,,UNZONED,90,CC-ACCREDITED,94,6,FLAG,False
623053CM5,MT SAN JACINTO CCD-C,,3.0,2035-08-01,94.433,0.03453,0.0666,True,99.2,95.1,0.735,Very High,,,UNZONED,90,CC-ACCREDITED,49,3,FLAG,False
623053CN3,MT SAN JACINTO CCD-C,,3.0,2036-08-01,95.813,0.03368,0.0653,True,99.2,95.1,0.735,Very High,,,UNZONED,90,CC-ACCREDITED,20,1,FLAG,False
623053CP8,MT SAN JACINTO CCD-C,,3.0,2037-08-01,92.721,0.03101,0.065,True,99.2,95.1,0.735,Very High,,,UNZONED,90,CC-ACCREDITED,14,1,FLAG,False
624454LT9,Mountain View-Los Altos Union High,Santa Clara,4.0,2034-08-01,99.643,0.040510000000000004,0.0814,False,99.2,37.3,0.03,Relatively High,2.09,BAY (San Andreas N / Hayward),HIGH,90,UNRESOLVED-AMBIG,39,5,FLAG,False
630362CN9,Napa Valley Unified,Napa,4.0,2036-08-01,99.994,0.03568,0.0717,False,99.2,65.6,0.242,Relatively High,2.23,BAY (San Andreas N / Hayward),HIGH,90,POSITIVE(absent),79,4,REVIEW,False
63877NLV7,Natomas Unified,Sacramento,3.0,2045-08-01,77.405,0.04658,0.0857,True,99.2,37.1,0.0,Relatively Low,0.65,CENTRAL VALLEY / SIERRA (low),LOW,90,POSITIVE(absent),42,1,REVIEW,True
645002G67,New Haven Unified,Alameda,4.0,2044-08-01,99.009,0.03959,0.0796,False,99.2,39.9,0.084,Very High,2.34,BAY (San Andreas N / Hayward),HIGH,90,POSITIVE(absent),46,1,REVIEW,False
671890AV3,Oakdale Joint Unified,Stanislaus,3.0,2038-08-01,89.557,0.04066,0.0745,True,,88.1,0.366,Relatively High,0.62,CENTRAL VALLEY / SIERRA (low),LOW,90,POSITIVE(absent),37,3,CLEAR,False
672325H91,Oakland Unified,Alameda,4.0,2037-08-01,99.5,0.040220000000000006,0.0808,False,99.2,23.0,0.027,Relatively High,1.77,BAY (San Andreas N / Hayward),HIGH,84,QUALIFIED,31,4,FLAG,False
672325J24,Oakland Unified,Alameda,3.0,2040-08-01,88.31,0.04183,0.0761,True,99.2,23.0,0.027,Relatively High,1.77,BAY (San Andreas N / Hayward),HIGH,84,QUALIFIED,55,12,FLAG,False
672325M38,Oakland Unified,Alameda,4.0,2046-08-01,98.258,0.041280000000000004,0.083,False,99.2,23.0,0.027,Relatively High,1.77,BAY (San Andreas N / Hayward),HIGH,84,QUALIFIED,314,16,FLAG,False
672325ZD2,Oakland Unified,Alameda,4.0,2034-08-01,99.96,0.03849,0.0774,False,99.2,23.0,0.027,Relatively High,1.77,BAY (San Andreas N / Hayward),HIGH,84,QUALIFIED,48,3,FLAG,False
672325ZG5,Oakland Unified,Alameda,3.0,2041-08-01,83.751,0.04488,0.0811,True,99.2,23.0,0.027,Relatively High,1.77,BAY (San Andreas N / Hayward),HIGH,84,QUALIFIED,177,41,FLAG,False
673646GF6,Oakley Union Elementary,Contra Costa,3.0,2036-08-01,96.415,0.0319,0.0633,True,99.2,52.6,0.089,Relatively High,1.54,BAY (San Andreas N / Hayward),HIGH,90,POSITIVE(absent),30,3,REVIEW,False
673646HM0,Oakley Union Elementary,Contra Costa,4.0,2041-08-01,98.53,0.04029,0.081,False,99.2,52.6,0.089,Relatively High,1.54,BAY (San Andreas N / Hayward),HIGH,90,POSITIVE(absent),21,1,REVIEW,False
675383PT4,Oceanside Unified,San Diego,3.0,2034-08-01,95.55,0.036309999999999995,0.068,True,99.2,59.6,0.311,Very High,1.15,SAN DIEGO (Rose Canyon / Elsinore),HIGH,90,POSITIVE(absent),60,6,FLAG,False
675383PV9,Oceanside Unified,San Diego,3.0,2036-08-01,94.074,0.03698,0.0692,True,99.2,59.6,0.311,Very High,1.15,SAN DIEGO (Rose Canyon / Elsinore),HIGH,90,POSITIVE(absent),33,8,FLAG,False
675383PW7,Oceanside Unified,San Diego,4.0,2041-08-01,99.93,0.04035999999999999,0.0811,False,99.2,59.6,0.311,Very High,1.15,SAN DIEGO (Rose Canyon / Elsinore),HIGH,90,POSITIVE(absent),73,13,FLAG,False
675383PX5,Oceanside Unified,San Diego,4.0,2045-08-01,97.518,0.041319999999999996,0.0831,False,99.2,59.6,0.311,Very High,1.15,SAN DIEGO (Rose Canyon / Elsinore),HIGH,90,POSITIVE(absent),30,7,FLAG,False
675383VX8,Oceanside Unified,San Diego,4.0,2045-08-01,98.933,0.0408,0.082,False,99.2,59.6,0.311,Very High,1.15,SAN DIEGO (Rose Canyon / Elsinore),HIGH,90,POSITIVE(absent),31,2,FLAG,False
675413DE5,essential-service water/wastewater revenue,,4.0,2045-05-01,98.797,0.04091,0.0822,False,,,,,,,UNZONED,,N/A-REVENUE,27,1,CLEAR,False
677765EL9,OHLONE CA CMNTY CLG D,,3.0,2036-08-01,99.938,0.03403,0.0684,False,99.2,,,,,,UNZONED,90,CC-ACCREDITED,69,14,CLEAR,False
677765EM7,OHLONE CA CMNTY CLG D,,3.0,2037-08-01,92.872,0.03578,0.0684,True,99.2,,,,,,UNZONED,90,CC-ACCREDITED,63,9,CLEAR,False
677765FL8,OHLONE CMNTY CLG DT,,4.0,2035-08-01,99.714,0.03817,0.0767,False,99.2,,,,,,UNZONED,90,CC-ACCREDITED,12,2,CLEAR,False
678093QS7,Ojai Unified,Ventura,4.0,2046-08-01,95.025,0.043120000000000006,0.0867,False,99.2,99.1,1.0,Very High,2.08,LA BASIN (San Andreas S / Newport-Inglewood / Puente Hills),HIGH,90,POSITIVE(absent),12,3,FLAG,False
680799EE9,essential-service water/wastewater revenue,,3.0,2039-06-01,87.11,0.03284,0.0692,True,,,,,,,UNZONED,88,N/A-REVENUE,35,7,REVIEW,False
68442CBH8,essential-service water/wastewater revenue,,4.0,2041-08-15,99.702,0.04008,0.0806,False,,,,,,,UNZONED,,N/A-REVENUE,175,7,CLEAR,False
68881TBH9,essential-service water/wastewater revenue,,3.0,2036-09-01,90.364,0.0414,0.0749,True,,,,,,,UNZONED,88,N/A-REVENUE,42,4,REVIEW,False
692039QK9,Oxnard,Ventura,4.0,2038-08-01,99.434,0.03828,0.0769,False,99.2,42.2,0.0,Relatively Moderate,1.94,LA BASIN (San Andreas S / Newport-Inglewood / Puente Hills),HIGH,90,POSITIVE(absent),43,5,REVIEW,False
692039RX0,Oxnard Union High,Ventura,4.0,2039-08-01,99.923,0.0325,0.0653,False,99.2,54.0,0.218,Very High,2.02,LA BASIN (San Andreas S / Newport-Inglewood / Puente Hills),HIGH,84,QUALIFIED,48,2,FLAG,False
692039RZ5,Oxnard Union High,Ventura,4.0,2042-08-01,100.174,0.04176,0.0839,False,99.2,54.0,0.218,Very High,2.02,LA BASIN (San Andreas S / Newport-Inglewood / Puente Hills),HIGH,84,QUALIFIED,25,1,FLAG,False
692039TV2,Oxnard Union High,Ventura,4.0,2044-08-01,99.926,0.0388,0.078,False,99.2,54.0,0.218,Very High,2.02,LA BASIN (San Andreas S / Newport-Inglewood / Puente Hills),HIGH,84,QUALIFIED,44,1,FLAG,False
692039UR9,Oxnard Union High,Ventura,4.0,2046-08-01,99.87,0.04,0.0804,False,99.2,54.0,0.218,Very High,2.02,LA BASIN (San Andreas S / Newport-Inglewood / Puente Hills),HIGH,84,QUALIFIED,141,7,FLAG,False
69674TCB0,Palmdale Elementary,Los Angeles,4.0,2046-10-01,97.069,0.04208,0.0846,False,,,,,2.33,LA BASIN (San Andreas S / Newport-Inglewood / Puente Hills),HIGH,90,N/A-REVENUE,38,10,CLEAR,False
69674TCP9,"Palmdale Water District Public Financing Authority — Subordinate Water Revenue Bonds, Series 2024A — WATER REVENUE",,4.0,2044-10-01,100.142,0.03986,0.0801,,,,,,,,UNZONED,,N/A-REVENUE,53,10,CLEAR,False
697479CB7,PALO VERDE CLG DT-A,Riverside,4.0,2045-08-01,95.682,0.04331,0.0871,False,99.2,70.5,0.0,Relatively Moderate,0.36,INLAND EMPIRE (San Andreas S / San Jacinto),HIGH,90,CC-ACCREDITED,50,6,REVIEW,True
697479CC5,PALO VERDE CLG DT-A,,4.0,2041-08-01,98.79,0.04005,0.0805,False,99.2,70.5,0.0,Relatively Moderate,,,UNZONED,90,CC-ACCREDITED,46,7,CLEAR,False
714369DP7,Perris Elementary,Riverside,4.0,2046-08-01,96.893,0.042300000000000004,0.085,False,99.2,97.2,0.878,Very High,1.5,INLAND EMPIRE (San Andreas S / San Jacinto),HIGH,90,POSITIVE(absent),52,7,FLAG,False
714369FC4,Perris Elementary,Riverside,4.0,2046-08-01,99.245,0.040549999999999996,0.0815,False,99.2,97.2,0.878,Very High,1.5,INLAND EMPIRE (San Andreas S / San Jacinto),HIGH,90,POSITIVE(absent),59,1,FLAG,False
714398KD5,Perris Union High,Riverside,4.0,2043-09-01,100.075,0.039220000000000005,0.0788,False,99.2,95.7,0.759,Very High,1.5,INLAND EMPIRE (San Andreas S / San Jacinto),HIGH,90,POSITIVE(absent),85,2,FLAG,False
714398LA0,Perris Union High,Riverside,3.0,2040-09-01,88.546,0.04086,0.0751,True,99.2,95.7,0.759,Very High,1.5,INLAND EMPIRE (San Andreas S / San Jacinto),HIGH,90,POSITIVE(absent),27,1,FLAG,False
724581QL0,Pittsburg Unified,Contra Costa,4.15,2044-08-01,99.56,0.04165,0.0837,False,99.2,41.0,0.128,Relatively High,2.06,BAY (San Andreas N / Hayward),HIGH,90,UNRESOLVED-COLLISION,23,6,FLAG,False
724581ZF3,Pittsburg Unified,Contra Costa,4.0,2045-08-01,99.662,0.0401,0.0806,False,99.2,41.0,0.128,Relatively High,2.06,BAY (San Andreas N / Hayward),HIGH,90,POSITIVE(absent),47,5,REVIEW,False
724586BE1,Pittsburg Unified,Contra Costa,4.0,2043-09-01,97.967,0.04166,0.0837,False,99.2,41.0,0.128,Relatively High,2.06,BAY (San Andreas N / Hayward),HIGH,90,UNRESOLVED-COLLISION,21,3,FLAG,True
72600PBR7,Placer Union High,Placer,4.0,2040-08-01,99.715,0.04123,0.0829,False,99.2,96.9,0.73,Very High,0.63,CENTRAL VALLEY / SIERRA (low),LOW,90,POSITIVE(absent),33,1,FLAG,False
728835C72,Pleasanton Unified,Alameda,4.0,2035-08-01,99.797,0.04013,0.0807,False,99.2,62.6,0.297,Very High,2.03,BAY (San Andreas N / Hayward),HIGH,84,QUALIFIED,13,1,FLAG,False
728835C98,Pleasanton Unified,Alameda,3.0,2037-08-01,91.048,0.03999,0.0733,True,99.2,62.6,0.297,Very High,2.03,BAY (San Andreas N / Hayward),HIGH,84,QUALIFIED,23,5,FLAG,False
728835E62,Pleasanton Unified,Alameda,3.0,2034-08-01,95.51,0.0341,0.0658,True,99.2,62.6,0.297,Very High,2.03,BAY (San Andreas N / Hayward),HIGH,84,QUALIFIED,84,6,FLAG,False
728835E70,Pleasanton Unified,Alameda,3.0,2035-08-01,94.004,0.03763,0.0699,True,99.2,62.6,0.297,Very High,2.03,BAY (San Andreas N / Hayward),HIGH,84,QUALIFIED,46,14,FLAG,False
728835E88,Pleasanton Unified,Alameda,3.0,2036-08-01,92.236,0.03995,0.0728,True,99.2,62.6,0.297,Very High,2.03,BAY (San Andreas N / Hayward),HIGH,84,QUALIFIED,18,2,FLAG,False
728835F46,Pleasanton Unified,Alameda,3.0,2042-08-01,82.396,0.044000000000000004,0.0808,True,99.2,62.6,0.297,Very High,2.03,BAY (San Andreas N / Hayward),HIGH,84,QUALIFIED,25,2,FLAG,False
728835J91,Pleasanton Unified,Alameda,4.0,2043-08-01,98.228,0.041280000000000004,0.083,False,99.2,62.6,0.297,Very High,2.03,BAY (San Andreas N / Hayward),HIGH,84,QUALIFIED,17,2,FLAG,False
729297EY3,Plumas Unified,Plumas,4.0,2038-08-01,99.09,0.04095,0.0823,False,99.2,99.4,1.0,Very High,1.43,OTHER CA,MID,84,QUALIFIED,50,12,FLAG,False
729297EZ0,Plumas Unified,Plumas,4.0,2039-08-01,97.541,0.04244,0.0853,False,99.2,99.4,1.0,Very High,1.43,OTHER CA,MID,84,QUALIFIED,24,6,FLAG,False
729297FA4,Plumas Unified,Plumas,4.0,2040-08-01,97.329,0.042460000000000005,0.0853,False,99.2,99.4,1.0,Very High,1.43,OTHER CA,MID,84,QUALIFIED,26,6,FLAG,False
754405GG7,Ravenswood City Elementary,San Mateo,4.0,2035-08-01,99.798,0.04026,0.0809,False,99.2,26.0,0.0,Very Low,1.64,BAY (San Andreas N / Hayward),HIGH,90,POSITIVE(absent),17,3,REVIEW,False
754405HN1,Ravenswood City Elementary,San Mateo,4.0,2040-08-01,99.961,0.0374,0.0752,False,99.2,26.0,0.0,Very Low,1.64,BAY (San Andreas N / Hayward),HIGH,90,POSITIVE(absent),26,7,REVIEW,False
756372AQ1,Red Bluff Joint Union High,Tehama,4.0,2042-08-01,99.315,0.04064,0.0817,False,99.2,96.9,0.687,Very High,1.07,OTHER CA,MID,90,POSITIVE(absent),29,4,FLAG,False
756377AR8,Red Bluff Union Elementary,Tehama,4.0,2037-08-01,101.737,0.03472,0.0698,False,99.2,96.2,0.58,Very High,1.07,OTHER CA,MID,90,POSITIVE(absent),14,2,FLAG,False
767032EV3,Rio Elementary,Ventura,4.0,2044-08-01,99.6,0.041580000000000006,0.0836,False,99.2,74.0,0.257,Very High,2.02,LA BASIN (San Andreas S / Newport-Inglewood / Puente Hills),HIGH,90,POSITIVE(absent),64,14,REVIEW,False
768039BX6,River Delta Joint Unified,Sacramento,4.0,2041-08-01,99.773,0.03398,0.0683,False,99.2,88.0,0.185,Relatively High,1.3,CENTRAL VALLEY / SIERRA (low),LOW,90,UNRESOLVED-AMBIG,32,2,FLAG,False
76886PHK2,RIVERSIDE CMNTY CLG-F,,3.0,2035-08-01,96.845,0.0355,0.0668,True,99.2,71.2,0.36,Very High,,,UNZONED,90,CC-UNKNOWN,18,2,FLAG,False
76886PKV4,RIVERSIDE CCD-A,,4.0,2045-08-01,99.969,0.040279999999999996,0.081,False,99.2,71.2,0.36,Very High,,,UNZONED,90,CC-UNKNOWN,125,19,FLAG,False
769076VE7,"City of Riverside — Water Revenue Bonds, Issue of 2019A — WATER REVENUE",,5.0,2043-10-01,101.629,0.0438,0.088,,,,,,,,UNZONED,,N/A-REVENUE,69,5,CLEAR,False
771027JF7,CA school/CC district GO,,4.0,2045-08-01,99.999,0.04151,0.0834,False,99.2,,,,,,UNZONED,88,UNRESOLVED,54,14,FLAG,False
777387AH4,Rosemead Elementary,Los Angeles,4.0,2042-08-01,98.38,0.04186,0.0841,False,99.2,6.8,0.0,Relatively Low,2.22,LA BASIN (San Andreas S / Newport-Inglewood / Puente Hills),HIGH,90,UNRESOLVED-AMBIG,25,3,FLAG,False
777849RH5,Roseville City,Placer,4.0,2046-08-01,98.909,0.04064,0.0817,False,99.2,50.6,0.0,Relatively Moderate,0.52,CENTRAL VALLEY / SIERRA (low),LOW,90,POSITIVE(absent),114,6,CLEAR,False
777849UN8,Roseville Joint Union High,Placer,3.0,2046-08-01,78.791,0.0463,0.0848,True,99.2,52.4,0.072,Relatively High,0.51,CENTRAL VALLEY / SIERRA (low),LOW,90,POSITIVE(absent),22,6,CLEAR,False
778389FS0,Ross Valley Elementary,Marin,4.0,2035-08-01,100.361,0.03951,0.0794,False,99.2,90.2,0.072,Relatively High,1.52,BAY (San Andreas N / Hayward),HIGH,90,POSITIVE(absent),19,1,REVIEW,False
779631LY4,Rowland Unified,Los Angeles,4.0,2044-08-01,98.848,0.0409,0.0822,False,99.2,41.0,0.042,Relatively High,2.09,LA BASIN (San Andreas S / Newport-Inglewood / Puente Hills),HIGH,90,POSITIVE(absent),295,25,REVIEW,False
785870B70,Sacramento City Unified,Sacramento,4.0,2044-08-01,98.215,0.04186,0.0841,False,99.2,25.1,0.059,Relatively High,0.64,CENTRAL VALLEY / SIERRA (low),LOW,84,QUALIFIED,54,6,FLAG,False
794896FF2,Salinas Union High,Monterey,4.0,2045-08-01,99.702,0.04009,0.0806,False,99.2,66.8,0.369,Very High,1.78,OTHER CA,MID,90,POSITIVE(absent),139,14,FLAG,False
796472AS7,San Benito High,San Benito,4.0,2045-08-01,98.753,0.040940000000000004,0.0823,False,99.2,81.3,0.486,Very High,2.62,OTHER CA,MID,90,POSITIVE(absent),192,38,FLAG,True
797138MV3,San Carlos Elementary,San Mateo,4.0,2044-10-01,98.866,0.0408,0.082,False,99.2,37.2,0.0,Relatively Low,2.06,BAY (San Andreas N / Hayward),HIGH,90,UNRESOLVED-AMBIG,83,6,FLAG,False
797138MW1,San Carlos Elementary,San Mateo,4.0,2045-10-01,97.084,0.040839999999999994,0.0821,False,99.2,37.2,0.0,Relatively Low,2.06,BAY (San Andreas N / Hayward),HIGH,90,UNRESOLVED-AMBIG,37,2,FLAG,False
797272PL9,SAN DIEGO  CLG,,3.0,2034-08-01,98.676,0.03186,0.064,False,99.2,43.7,0.061,Very High,,,UNZONED,90,CC-UNKNOWN,213,21,REVIEW,False
797272QB0,SAN DIEGO CLG-REF,,4.0,2035-08-01,99.99,0.03026,0.0608,False,99.2,43.7,0.061,Very High,,,UNZONED,90,CC-UNKNOWN,33,2,REVIEW,False
797272SQ5,SAN DIEGO CMNTY CLG D,,4.0,2041-08-01,102.511,0.03596,0.0723,False,99.2,43.7,0.061,Very High,,,UNZONED,90,CC-UNKNOWN,159,13,REVIEW,False
797272SR3,SAN DIEGO CMNTY CLG D,,4.0,2042-08-01,101.297,0.0379,0.0762,False,99.2,43.7,0.061,Very High,,,UNZONED,90,CC-UNKNOWN,176,13,REVIEW,False
797272SS1,SAN DIEGO CMNTY CLG D,,4.0,2043-08-01,101.442,0.03486,0.0701,False,99.2,43.7,0.061,Very High,,,UNZONED,90,CC-UNKNOWN,338,23,REVIEW,False
7973555T7,San Diego Unified,San Diego,3.0,2036-07-01,95.06,0.03851,0.0704,True,99.2,43.7,0.061,Very High,1.47,SAN DIEGO (Rose Canyon / Elsinore),HIGH,90,POSITIVE(absent),72,3,REVIEW,False
7973558C1,San Diego Unified,San Diego,3.0,2044-07-01,84.584,0.040979999999999996,0.0768,True,99.2,43.7,0.061,Very High,1.47,SAN DIEGO (Rose Canyon / Elsinore),HIGH,90,UNRESOLVED-COLLISION,25,1,FLAG,False
797356BS0,San Diego Unified,San Diego,3.0,2037-07-01,95.187,0.033,0.0648,True,99.2,43.7,0.061,Very High,1.47,SAN DIEGO (Rose Canyon / Elsinore),HIGH,90,POSITIVE(absent),42,4,REVIEW,False
797356BU5,San Diego Unified,San Diego,3.0,2039-07-01,91.182,0.042300000000000004,0.0755,True,99.2,43.7,0.061,Very High,1.47,SAN DIEGO (Rose Canyon / Elsinore),HIGH,90,POSITIVE(absent),13,1,REVIEW,False
797356NQ1,San Diego Unified,San Diego,4.0,2045-07-01,98.725,0.04019999999999999,0.0808,False,99.2,43.7,0.061,Very High,1.47,SAN DIEGO (Rose Canyon / Elsinore),HIGH,90,POSITIVE(absent),53,6,REVIEW,False
79741TBM5,essential-service water/wastewater revenue,,4.0,2042-05-01,101.656,0.03674,0.0738,False,,,,,,,UNZONED,,N/A-REVENUE,58,8,UNSCREENED,False
797508GS1,San Diego Unified,San Diego,3.0,2041-02-01,86.599,0.042359999999999995,0.0773,True,99.2,43.7,0.061,Very High,1.47,SAN DIEGO (Rose Canyon / Elsinore),HIGH,90,UNRESOLVED-AMBIG,13,1,FLAG,False
797508GY8,San Diego Unified,San Diego,4.0,2042-08-01,99.99,0.03954,0.0795,False,99.2,43.7,0.061,Very High,1.47,SAN DIEGO (Rose Canyon / Elsinore),HIGH,90,UNRESOLVED-AMBIG,80,4,FLAG,False
797508JL3,San Dieguito Union High,San Diego,3.0,2038-08-01,91.892,0.03842,0.0714,True,99.2,73.0,0.222,Relatively High,1.29,SAN DIEGO (Rose Canyon / Elsinore),HIGH,90,POSITIVE(absent),46,3,REVIEW,False
797508JM1,San Dieguito Union High,San Diego,3.0,2039-08-01,90.821,0.030950000000000002,0.0664,True,99.2,73.0,0.222,Relatively High,1.29,SAN DIEGO (Rose Canyon / Elsinore),HIGH,90,POSITIVE(absent),36,2,REVIEW,False
797683HC6,SAN FRANCISCO CCD-A,,3.0,2045-06-15,80.44,0.04518,0.0828,True,99.2,10.0,0.0,Relatively Low,,,UNZONED,90,CC-UNKNOWN,100,11,REVIEW,False
797683HE2,SAN FRANCISCO CCD-A,,4.0,2045-06-15,99.685,0.03653,0.0734,False,99.2,10.0,0.0,Relatively Low,,,UNZONED,90,CC-UNKNOWN,99,3,REVIEW,False
797683JL4,SAN FRANCISCO CCD BAM,,4.0,2045-06-15,99.653,0.04026,0.0809,False,99.2,10.0,0.0,Relatively Low,,,UNZONED,90,CC-UNKNOWN,45,10,REVIEW,False
79771TMM6,San Francisco Unified,San Francisco,4.0,2035-06-15,99.849,0.03725,0.0749,False,99.2,10.0,0.0,Relatively Low,1.57,BAY (San Andreas N / Hayward),HIGH,84,QUALIFIED,114,9,FLAG,False
79771TNP8,San Francisco Unified,San Francisco,3.0,2038-06-15,90.969,0.03923,0.0725,True,99.2,10.0,0.0,Relatively Low,1.57,BAY (San Andreas N / Hayward),HIGH,84,QUALIFIED,68,13,FLAG,False
798458TL9,San Leandro Unified,Alameda,4.0,2043-08-01,99.34,0.04103,0.0825,False,99.2,21.4,0.0,Relatively Low,2.14,BAY (San Andreas N / Hayward),HIGH,90,POSITIVE(absent),95,5,REVIEW,False
798458UM5,San Leandro Unified,Alameda,4.0,2043-08-01,99.423,0.04003,0.0805,False,99.2,21.4,0.0,Relatively Low,2.14,BAY (San Andreas N / Hayward),HIGH,90,POSITIVE(absent),106,8,REVIEW,False
798492NV2,San Lorenzo Unified,Alameda,4.0,2041-08-01,99.92,0.040069999999999995,0.0805,False,99.2,26.3,0.0,Relatively Low,2.23,BAY (San Andreas N / Hayward),HIGH,90,POSITIVE(absent),61,2,REVIEW,False
798492PN8,San Lorenzo Unified,Alameda,3.0,2036-08-01,92.5,0.04156,0.0743,True,99.2,26.3,0.0,Relatively Low,2.23,BAY (San Andreas N / Hayward),HIGH,90,POSITIVE(absent),41,3,REVIEW,False
798492QA5,San Lorenzo Unified,Alameda,3.0,2041-08-01,85.795,0.04279,0.0781,True,99.2,26.3,0.0,Relatively Low,2.23,BAY (San Andreas N / Hayward),HIGH,90,POSITIVE(absent),43,3,REVIEW,False
798492UM4,San Lorenzo Unified,Alameda,4.0,2044-08-01,98.954,0.04042,0.0812,False,99.2,26.3,0.0,Relatively Low,2.23,BAY (San Andreas N / Hayward),HIGH,90,POSITIVE(absent),46,4,REVIEW,False
798492UN2,San Lorenzo Unified,Alameda,4.0,2045-08-01,99.182,0.04003,0.0805,False,99.2,26.3,0.0,Relatively Low,2.23,BAY (San Andreas N / Hayward),HIGH,90,POSITIVE(absent),50,4,REVIEW,False
799016FM7,essential-service water/wastewater revenue,,4.0,2044-08-01,98.725,0.040999999999999995,0.0824,False,,,,,,,UNZONED,,N/A-REVENUE,87,9,CLEAR,False
799017SW9,San Mateo-Foster City,San Mateo,3.0,2041-09-01,86.919,0.04169,0.0766,True,99.2,34.7,0.036,Relatively High,1.81,BAY (San Andreas N / Hayward),HIGH,90,POSITIVE(absent),151,21,REVIEW,False
799017WT1,San Mateo Union High,San Mateo,3.0,2037-09-01,92.891,0.0366,0.0692,True,99.2,37.2,0.021,Relatively High,2.19,BAY (San Andreas N / Hayward),HIGH,90,POSITIVE(absent),57,2,REVIEW,False
799017ZB7,San Mateo Union High,San Mateo,4.0,2043-09-01,101.131,0.03758,0.0755,False,99.2,37.2,0.021,Relatively High,2.19,BAY (San Andreas N / Hayward),HIGH,90,POSITIVE(absent),238,11,REVIEW,False
799289PB3,San Rafael City High,Marin,4.0,2042-08-01,100.668,0.03819,0.0768,False,99.2,75.5,0.058,Very High,1.5,BAY (San Andreas N / Hayward),HIGH,90,POSITIVE(absent),26,2,REVIEW,False
800851PF8,Sanger Unified,Fresno,4.0,2043-08-01,98.803,0.040970000000000006,0.0823,False,99.2,79.7,0.253,Very High,0.64,CENTRAL VALLEY / SIERRA (low),LOW,90,POSITIVE(absent),58,9,REVIEW,False
800851PV3,Sanger Unified,Fresno,4.0,2045-08-01,96.125,0.04107,0.0826,False,99.2,79.7,0.253,Very High,0.64,CENTRAL VALLEY / SIERRA (low),LOW,90,POSITIVE(absent),165,17,REVIEW,False
801495N81,Santa Clara Unified,Santa Clara,3.0,2035-07-01,97.888,0.03142,0.0632,False,99.2,23.9,0.0,Very Low,1.57,BAY (San Andreas N / Hayward),HIGH,90,POSITIVE(absent),93,3,REVIEW,False
801495R87,Santa Clara Unified,Santa Clara,3.0,2034-07-01,98.5,0.03142,0.0632,False,99.2,23.9,0.0,Very Low,1.57,BAY (San Andreas N / Hayward),HIGH,90,POSITIVE(absent),127,2,REVIEW,False
801495S29,Santa Clara Unified,Santa Clara,3.0,2036-07-01,97.03,0.03177,0.063,True,99.2,23.9,0.0,Very Low,1.57,BAY (San Andreas N / Hayward),HIGH,90,POSITIVE(absent),119,2,REVIEW,False
801495V90,Santa Clara Unified,Santa Clara,3.0,2035-07-01,96.52,0.03445,0.0658,True,99.2,23.9,0.0,Very Low,1.57,BAY (San Andreas N / Hayward),HIGH,90,POSITIVE(absent),22,1,REVIEW,False
801495W40,Santa Clara Unified,Santa Clara,3.0,2038-07-01,91.775,0.03325,0.0663,True,99.2,23.9,0.0,Very Low,1.57,BAY (San Andreas N / Hayward),HIGH,90,POSITIVE(absent),23,1,REVIEW,False
801495W65,Santa Clara Unified,Santa Clara,3.0,2040-07-01,88.9,0.040369999999999996,0.0745,True,99.2,23.9,0.0,Very Low,1.57,BAY (San Andreas N / Hayward),HIGH,90,POSITIVE(absent),57,5,REVIEW,False
801495W73,Santa Clara Unified,Santa Clara,3.0,2041-07-01,84.496,0.04417,0.08,True,99.2,23.9,0.0,Very Low,1.57,BAY (San Andreas N / Hayward),HIGH,90,POSITIVE(absent),30,6,REVIEW,False
801495Y89,Santa Clara Unified,Santa Clara,3.0,2035-07-01,96.236,0.03117,0.0627,True,99.2,23.9,0.0,Very Low,1.57,BAY (San Andreas N / Hayward),HIGH,90,POSITIVE(absent),64,6,REVIEW,False
801495Z39,Santa Clara Unified,Santa Clara,3.0,2038-07-01,93.81,0.03629,0.0686,True,99.2,23.9,0.0,Very Low,1.57,BAY (San Andreas N / Hayward),HIGH,90,POSITIVE(absent),84,5,REVIEW,False
801495Z47,Santa Clara Unified,Santa Clara,3.0,2039-07-01,88.87,0.04063,0.0747,True,99.2,23.9,0.0,Very Low,1.57,BAY (San Andreas N / Hayward),HIGH,90,POSITIVE(absent),125,18,REVIEW,False
801686RM0,SANTA CLARITA CCD,,4.0,2042-08-01,99.015,0.040490000000000005,0.0814,False,99.2,23.9,0.0,Very Low,,,UNZONED,90,CC-UNKNOWN,164,2,REVIEW,False
801686SG2,SANTA CLARITA CA,,3.0,2044-08-01,79.195,0.04715,0.0854,True,99.2,23.9,0.0,Very Low,,,UNZONED,90,CC-UNKNOWN,38,5,REVIEW,False
801686SJ6,SANTA CLARITA CA,,3.0,2041-08-01,85.306,0.04321,0.0787,True,99.2,23.9,0.0,Very Low,,,UNZONED,90,CC-UNKNOWN,33,7,REVIEW,True
801716KU4,Santa Cruz City Elementary,Santa Cruz,4.0,2045-08-01,99.945,0.03834,0.0771,False,99.2,63.6,0.135,Relatively High,1.5,BAY (San Andreas N / Hayward),HIGH,90,UNRESOLVED-AMBIG,126,8,FLAG,False
801733JZ0,Santa Cruz City High,Santa Cruz,4.0,2040-08-01,99.76,0.03681,0.074,False,99.2,68.9,0.343,Relatively High,1.5,BAY (San Andreas N / Hayward),HIGH,90,POSITIVE(absent),70,4,FLAG,False
801733MP8,Santa Cruz City High,Santa Cruz,4.0,2044-08-01,99.995,0.04,0.0804,False,99.2,68.9,0.343,Relatively High,1.5,BAY (San Andreas N / Hayward),HIGH,90,POSITIVE(absent),71,6,FLAG,False
802199AJ8,essential-service water/wastewater revenue,,4.0,2043-05-01,98.877,0.040510000000000004,0.0814,False,,,,,,,UNZONED,,N/A-REVENUE,35,6,REVIEW,False
802309NS9,CA school/CC district GO,,3.0,2042-08-01,87.672,0.04638,0.0809,True,,,,,,,UNZONED,,,43,3,UNSCREENED,False
80234TBP0,essential-service water/wastewater revenue,,3.0,2034-02-01,98.792,0.03108,0.0625,False,,,,,,,UNZONED,,N/A-REVENUE,20,2,CLEAR,False
802490AU6,essential-service water/wastewater revenue,,3.0,2041-08-01,86.518,0.037559999999999996,0.0726,True,,,,,,,UNZONED,,N/A-REVENUE,22,4,UNSCREENED,False
802552CJ6,Santa Paula Unified,Ventura,4.0,2042-08-01,98.861,0.04088,0.0822,False,99.2,92.4,0.87,Very High,2.19,LA BASIN (San Andreas S / Newport-Inglewood / Puente Hills),HIGH,90,POSITIVE(absent),62,2,FLAG,False
802557BS6,Santa Paula Unified,Ventura,4.0,2038-02-01,101.496,0.03402,0.0684,False,,92.4,0.87,Very High,2.19,LA BASIN (San Andreas S / Newport-Inglewood / Puente Hills),HIGH,90,POSITIVE(absent),20,4,UNSCREENED,False
802615N26,Santa Rosa High,Sonoma,4.0,2043-08-01,99.386,0.039580000000000004,0.0796,False,99.2,69.7,0.161,Relatively High,2.49,BAY (San Andreas N / Hayward),HIGH,84,QUALIFIED,89,5,FLAG,False
802615N42,Santa Rosa High,Sonoma,4.0,2042-08-01,100.246,0.03659,0.0735,False,99.2,69.7,0.161,Relatively High,2.49,BAY (San Andreas N / Hayward),HIGH,84,QUALIFIED,20,1,FLAG,False
816547FY4,Selma Unified,Fresno,5.0,2042-08-01,101.728,0.03001,0.0603,False,99.2,61.9,0.0,Relatively Low,0.71,CENTRAL VALLEY / SIERRA (low),LOW,90,POSITIVE(absent),44,1,CLEAR,False
817409H32,Sequoia Union High,San Mateo,3.0,2043-07-01,82.85,0.04431,0.0809,True,99.2,44.1,0.105,Relatively High,2.14,BAY (San Andreas N / Hayward),HIGH,90,POSITIVE(absent),66,10,REVIEW,True
817409K20,Sequoia Union High,San Mateo,3.0,2034-07-01,98.485,0.03198,0.0643,False,99.2,44.1,0.105,Relatively High,2.14,BAY (San Andreas N / Hayward),HIGH,90,POSITIVE(absent),122,8,REVIEW,False
820174HE3,Shasta Union High,Shasta,4.0,2039-08-01,99.573,0.04029,0.081,False,99.2,89.2,0.619,Very High,1.27,OTHER CA,MID,90,POSITIVE(absent),14,3,FLAG,False
82707BCX5,essential-service water/wastewater revenue,,4.0,2040-08-01,100.004,0.03703,0.0744,False,,,,,,,UNZONED,,N/A-REVENUE,20,1,UNSCREENED,False
83412PFE7,SOLANO CO CCD-C,,4.0,2046-08-01,99.75,0.04009,0.0806,False,99.2,,,,,,UNZONED,90,CC-ACCREDITED,109,13,CLEAR,False
83412PJW3,SOLANO CMNTY CLG DT-F,,4.0,2043-08-01,101.495,0.03764,0.0757,False,99.2,,,,,,UNZONED,90,CC-ACCREDITED,28,7,CLEAR,False
83421JCF0,Soledad Unified,Monterey,4.0,2044-08-01,99.245,0.04099,0.0824,False,99.2,80.3,0.347,Relatively High,1.5,OTHER CA,MID,90,POSITIVE(absent),62,2,FLAG,False
835577LC9,Sonoma County ROP,Sonoma,4.0,2043-07-01,98.503,0.04015,0.0807,False,,,,,1.96,BAY (San Andreas N / Hayward),HIGH,90,N/A-REVENUE,14,3,CLEAR,False
835577LE5,Sonoma County ROP,Sonoma,4.0,2045-07-01,98.292,0.041299999999999996,0.083,False,,,,,1.96,BAY (San Andreas N / Hayward),HIGH,90,N/A-REVENUE,21,7,CLEAR,False
835631NR9,Sonoma Valley Unified,Sonoma,4.0,2044-08-01,96.418,0.04014,0.0807,False,99.2,92.7,0.622,Relatively High,2.12,BAY (San Andreas N / Hayward),HIGH,84,QUALIFIED,59,4,FLAG,False
835648AP1,CA school/CC district GO,,4.0,2042-08-01,100.006,0.04095,0.0823,False,,,,,,,UNZONED,,,40,7,UNSCREENED,False
835648BJ4,CA school/CC district GO,,4.0,2045-08-01,98.109,0.04088,0.0822,False,,,,,,,UNZONED,,,61,2,UNSCREENED,False
83789TBJ7,essential-service water/wastewater revenue,,4.0,2034-10-01,100.685,0.035019999999999996,0.0704,False,,,,,,,UNZONED,,,42,4,UNSCREENED,False
83789TBK4,essential-service water/wastewater revenue,,4.0,2035-10-01,100.415,0.0325,0.0653,False,,,,,,,UNZONED,,,22,2,UNSCREENED,False
840704GP9,Whittier City,Los Angeles,4.0,2042-08-01,99.548,0.040220000000000006,0.0808,False,99.2,42.5,0.0,Relatively Moderate,2.1,LA BASIN (San Andreas S / Newport-Inglewood / Puente Hills),HIGH,90,UNRESOLVED-AMBIG,24,5,FLAG,False
84247PMB4,"Southern California Public Power Authority (SCPPA) — Tieton Hydropower Project, Revenue Refunding Bonds, 2020 Series A (Green Bonds) — ELECTRIC REVENUE",,4.0,2040-07-01,99.801,0.03628,0.0729,,,,,,,,UNZONED,,N/A-REVENUE,20,1,CLEAR,False
84251KAX3,South Whittier Elementary,Los Angeles,4.0,2045-08-01,98.026,0.0415,0.0834,False,,,,,1.94,LA BASIN (San Andreas S / Newport-Inglewood / Puente Hills),HIGH,90,N/A-REVENUE,193,25,CLEAR,False
843257HE9,Southern Kern Unified,Kern,4.0,2039-11-01,99.62,0.04035999999999999,0.0811,False,99.2,75.4,0.411,Very High,1.25,CENTRAL VALLEY / SIERRA (low),LOW,90,POSITIVE(absent),20,4,FLAG,False
843257HX7,Southern Kern Unified,Kern,4.0,2045-11-01,96.052,0.043,0.0864,False,99.2,75.4,0.411,Very High,1.25,CENTRAL VALLEY / SIERRA (low),LOW,90,POSITIVE(absent),107,11,FLAG,False
845389HY4,S WSTRN CMNTY CLG-A,,4.0,2038-08-01,99.852,0.03606,0.0725,False,99.2,,,,,,UNZONED,90,CC-ACCREDITED,18,1,CLEAR,False
845389HZ1,S WSTRN CMNTY CLG-A,,4.0,2039-08-01,99.844,0.03975,0.0799,False,99.2,,,,,,UNZONED,90,CC-ACCREDITED,12,2,CLEAR,False
849419DY9,CA school/CC district GO,,4.0,2039-02-01,99.86,0.040170000000000004,0.0807,False,99.2,,,,,,UNZONED,88,UNRESOLVED,14,2,FLAG,False
861419ZJ1,Stockton Unified,San Joaquin,4.0,2045-08-01,98.109,0.04117,0.0828,False,99.2,30.2,0.0,Relatively Moderate,0.86,CENTRAL VALLEY / SIERRA (low),LOW,90,POSITIVE(absent),120,12,REVIEW,True
870441DF6,Sweetwater Union High,San Diego,4.0,2045-04-01,97.765,0.04172,0.0839,False,,46.1,0.186,Very High,1.24,SAN DIEGO (Rose Canyon / Elsinore),HIGH,90,POSITIVE(absent),29,1,REVIEW,False
870462SF6,CA school/CC district GO,,4.0,2042-08-01,99.997,0.041440000000000005,0.0833,False,,,,,,,UNZONED,,,141,22,UNSCREENED,False
870462TJ7,Sweetwater Union High,San Diego,4.0,2043-08-01,98.572,0.041159999999999995,0.0827,False,99.2,46.1,0.186,Very High,1.24,SAN DIEGO (Rose Canyon / Elsinore),HIGH,90,POSITIVE(absent),42,11,REVIEW,False
87970GNS2,Temecula Valley Unified,Riverside,4.0,2045-08-01,98.327,0.0409,0.0822,False,99.2,92.2,0.624,Very High,1.78,INLAND EMPIRE (San Andreas S / San Jacinto),HIGH,90,POSITIVE(absent),203,32,FLAG,False
8913814M4,Torrance Unified,Los Angeles,4.0,2041-08-01,99.462,0.04047,0.0813,False,99.2,19.9,0.0,Relatively Low,2.01,LA BASIN (San Andreas S / Newport-Inglewood / Puente Hills),HIGH,90,POSITIVE(absent),38,6,REVIEW,False
899124LL3,Tulare City,Tulare,4.0,2041-11-15,98.401,0.04141,0.0832,False,,,,,0.71,CENTRAL VALLEY / SIERRA (low),LOW,90,N/A-REVENUE,136,18,REVIEW,False
899124LN9,Tulare City,Tulare,4.0,2044-11-15,98.38,0.040519999999999994,0.0814,False,,,,,0.71,CENTRAL VALLEY / SIERRA (low),LOW,90,N/A-REVENUE,41,4,REVIEW,False
899124LY5,,,,,,,,,,,,,,,UNZONED,,,,,UNSCREENED,False
900211CN1,Turlock Unified,Stanislaus,3.0,2042-08-01,81.86,0.04584,0.0829,True,99.2,49.8,0.043,Relatively High,0.76,CENTRAL VALLEY / SIERRA (low),LOW,90,POSITIVE(absent),21,1,REVIEW,True
900211CP6,Turlock Unified,Stanislaus,3.0,2043-08-01,79.159,0.047850000000000004,0.0861,True,,,,,0.76,CENTRAL VALLEY / SIERRA (low),LOW,90,POSITIVE(absent),26,3,CLEAR,False
906573HM5,Union Elementary,Santa Clara,4.0,2046-09-01,98.592,0.04095,0.0823,False,99.2,33.7,0.135,Relatively High,2.31,BAY (San Andreas N / Hayward),HIGH,90,POSITIVE(absent),89,6,REVIEW,False
91412HJC8,UNIV OF CALIFORNIA-BH,,4.0,2039-05-15,100.46,0.03897,0.0783,False,99.2,,,,,,UNZONED,90,CC-UNKNOWN,49,3,REVIEW,True
918608SH4,Vacaville Unified,Solano,4.0,2042-08-01,98.921,0.04105,0.0825,False,99.2,69.6,0.056,Relatively High,1.5,BAY (San Andreas N / Hayward),HIGH,90,POSITIVE(absent),95,8,FLAG,False
918608UF5,Vacaville Unified,Solano,4.0,2045-08-01,98.13,0.04142,0.0833,False,99.2,69.6,0.056,Relatively High,1.5,BAY (San Andreas N / Hayward),HIGH,90,POSITIVE(absent),241,44,REVIEW,False
91882RGQ9,Val Verde Unified,Riverside,4.0,2040-08-01,99.382,0.03794,0.0763,False,99.2,97.2,0.887,Very High,1.55,INLAND EMPIRE (San Andreas S / San Jacinto),HIGH,90,POSITIVE(absent),13,1,FLAG,False
919259CP4,essential-service water/wastewater revenue,,4.0,2046-05-01,98.866,0.0407,0.0818,False,,,,,,,UNZONED,,N/A-REVENUE,13,2,CLEAR,False
919261KN6,Vallejo City Unified,Solano,4.0,2045-08-01,99.624,0.04016,0.0807,False,99.2,46.7,0.12,Relatively High,2.28,BAY (San Andreas N / Hayward),HIGH,84,QUALIFIED,75,4,FLAG,False
919526AW3,,,,,,,,,,,,,,,UNZONED,,,,,UNSCREENED,False
923004TS4,Ventura Unified,Ventura,4.0,2043-08-01,99.771,0.03894,0.0783,False,99.2,65.7,0.285,Very High,2.25,LA BASIN (San Andreas S / Newport-Inglewood / Puente Hills),HIGH,90,POSITIVE(absent),23,4,REVIEW,False
925836KH0,Victor Elementary,San Bernardino,4.0,2044-08-01,98.475,0.0412,0.0828,False,99.2,76.4,0.085,Relatively High,1.42,INLAND EMPIRE (San Andreas S / San Jacinto),HIGH,90,POSITIVE(absent),79,7,REVIEW,True
92603PEK4,CA school/CC district GO,,4.0,2044-08-01,97.889,0.04162,0.0837,False,,,,,,,UNZONED,,,100,11,UNSCREENED,False
926055KG8,Victor Valley Union High,San Bernardino,4.0,2036-08-01,99.225,0.0401,0.0806,False,99.2,80.1,0.145,Relatively High,1.29,INLAND EMPIRE (San Andreas S / San Jacinto),HIGH,90,UNRESOLVED-AMBIG,83,16,FLAG,False
926055KH6,Victor Valley Union High,San Bernardino,4.0,2037-08-01,99.991,0.04,0.0804,False,99.2,80.1,0.145,Relatively High,1.29,INLAND EMPIRE (San Andreas S / San Jacinto),HIGH,90,UNRESOLVED-AMBIG,120,11,FLAG,True
926055KH6 91412HJC8 050002AW4 547541LJ9 012104QQ1 058219UM6 697479CB7 291119KP9 63877NLV7 168520PA6 223093TK1 519547EE9 952347U75 937414DH0 724586BE1 796472AS7 817409H32 171314LB1 801686SJ6 564538GA8 607735CA3 900211CN1 861419ZJ1 925836KH0,,,,,,,,,99.2,,,,,,UNZONED,88,UNRESOLVED,,,FLAG,False
928346PJ8,Vista Unified,San Diego,3.0,2034-08-01,97.262,0.03179,0.0629,True,99.2,58.2,0.123,Very High,1.07,SAN DIEGO (Rose Canyon / Elsinore),HIGH,90,POSITIVE(absent),39,5,REVIEW,False
928346PQ2,Vista Unified,San Diego,4.0,2044-08-01,98.11,0.04138,0.0832,False,99.2,58.2,0.123,Very High,1.07,SAN DIEGO (Rose Canyon / Elsinore),HIGH,90,POSITIVE(absent),138,11,REVIEW,False
936818CP6,Wasco Union High,Kern,3.0,2041-05-01,86.121,0.042510000000000006,0.0777,True,99.2,86.4,0.231,Relatively High,0.96,CENTRAL VALLEY / SIERRA (low),LOW,90,POSITIVE(absent),26,7,REVIEW,False
936818CQ4,Wasco Union High,Kern,3.0,2042-05-01,85.602,0.04249,0.0779,True,99.2,86.4,0.231,Relatively High,0.96,CENTRAL VALLEY / SIERRA (low),LOW,90,POSITIVE(absent),17,4,REVIEW,False
93681EAS9,CA school/CC district GO,,4.0,2041-08-01,99.966,0.03978,0.08,False,,,,,,,UNZONED,,,35,11,UNSCREENED,False
937414DH0,Washington Unified,Fresno,4.0,2045-08-01,97.155,0.04176,0.0839,False,99.2,61.9,0.0,Relatively Low,0.79,CENTRAL VALLEY / SIERRA (low),LOW,90,POSITIVE(absent),35,2,REVIEW,True
941367BL7,CA school/CC district GO,,4.0,2042-08-01,100.252,0.040839999999999994,0.0821,False,,,,,,,UNZONED,,,15,1,UNSCREENED,False
951254DQ1,essential-service water/wastewater revenue,,4.0,2041-08-01,100.953,0.04463,0.0897,False,,,,,,,UNZONED,,,25,3,UNSCREENED,False
9523473H3,West Contra Costa Unified,Contra Costa,3.0,2038-08-01,93.807,0.03635,0.0687,True,99.2,46.1,0.031,Relatively High,2.15,BAY (San Andreas N / Hayward),HIGH,90,POSITIVE(absent),44,8,REVIEW,False
9523473K6,West Contra Costa Unified,Contra Costa,3.0,2040-08-01,88.469,0.0408,0.075,True,99.2,46.1,0.031,Relatively High,2.15,BAY (San Andreas N / Hayward),HIGH,90,POSITIVE(absent),45,6,REVIEW,False
9523473L4,West Contra Costa Unified,Contra Costa,3.0,2045-08-01,80.373,0.04547,0.0832,True,99.2,46.1,0.031,Relatively High,2.15,BAY (San Andreas N / Hayward),HIGH,90,POSITIVE(absent),76,8,REVIEW,False
9523474D1,West Contra Costa Unified,Contra Costa,3.0,2035-08-01,97.663,0.0311,0.0621,True,99.2,46.1,0.031,Relatively High,2.15,BAY (San Andreas N / Hayward),HIGH,90,POSITIVE(absent),50,3,REVIEW,False
9523474F6,West Contra Costa Unified,Contra Costa,3.0,2037-08-01,93.992,0.03649,0.0687,True,99.2,46.1,0.031,Relatively High,2.15,BAY (San Andreas N / Hayward),HIGH,90,POSITIVE(absent),14,2,REVIEW,False
9523474G4,West Contra Costa Unified,Contra Costa,3.0,2038-08-01,89.581,0.04025,0.0741,True,99.2,46.1,0.031,Relatively High,2.15,BAY (San Andreas N / Hayward),HIGH,90,POSITIVE(absent),52,3,REVIEW,False
9523474H2,West Contra Costa Unified,Contra Costa,3.0,2039-08-01,88.174,0.03886,0.0732,True,99.2,46.1,0.031,Relatively High,2.15,BAY (San Andreas N / Hayward),HIGH,90,POSITIVE(absent),19,2,REVIEW,False
9523474K5,West Contra Costa Unified,Contra Costa,3.0,2045-08-01,81.744,0.0435,0.0806,True,99.2,46.1,0.031,Relatively High,2.15,BAY (San Andreas N / Hayward),HIGH,90,POSITIVE(absent),47,8,REVIEW,False
9523476G2,West Contra Costa Unified,Contra Costa,3.0,2039-08-01,87.754,0.03956,0.0741,True,99.2,46.1,0.031,Relatively High,2.15,BAY (San Andreas N / Hayward),HIGH,90,POSITIVE(absent),25,2,REVIEW,False
9523476K3,West Contra Costa Unified,Contra Costa,3.0,2046-08-01,79.244,0.045970000000000004,0.0842,True,99.2,46.1,0.031,Relatively High,2.15,BAY (San Andreas N / Hayward),HIGH,90,POSITIVE(absent),27,5,REVIEW,False
952347L75,West Contra Costa Unified,Contra Costa,4.0,2041-08-01,98.354,0.04011,0.0806,False,99.2,46.1,0.031,Relatively High,2.15,BAY (San Andreas N / Hayward),HIGH,90,POSITIVE(absent),83,18,REVIEW,False
952347L83,West Contra Costa Unified,Contra Costa,4.0,2046-08-01,94.847,0.04386999999999999,0.0865,True,99.2,46.1,0.031,Relatively High,2.15,BAY (San Andreas N / Hayward),HIGH,90,POSITIVE(absent),39,10,REVIEW,False
952347N40,West Contra Costa Unified,Contra Costa,4.0,2041-08-01,99.16,0.04069,0.0818,False,99.2,46.1,0.031,Relatively High,2.15,BAY (San Andreas N / Hayward),HIGH,90,POSITIVE(absent),35,5,REVIEW,False
952347N57,West Contra Costa Unified,Contra Costa,4.0,2046-08-01,97.18,0.042089999999999995,0.0846,False,99.2,46.1,0.031,Relatively High,2.15,BAY (San Andreas N / Hayward),HIGH,90,POSITIVE(absent),106,15,REVIEW,False
952347U42,West Contra Costa Unified,Contra Costa,4.0,2042-08-01,99.837,0.04013,0.0807,False,99.2,46.1,0.031,Relatively High,2.15,BAY (San Andreas N / Hayward),HIGH,90,POSITIVE(absent),32,8,REVIEW,False
952347U59,West Contra Costa Unified,Contra Costa,4.0,2043-08-01,98.987,0.040819999999999995,0.082,False,99.2,46.1,0.031,Relatively High,2.15,BAY (San Andreas N / Hayward),HIGH,90,POSITIVE(absent),85,12,REVIEW,False
952347U75,West Contra Costa Unified,Contra Costa,4.0,2045-08-01,97.415,0.04197,0.0844,False,99.2,46.1,0.031,Relatively High,2.15,BAY (San Andreas N / Hayward),HIGH,90,POSITIVE(absent),69,15,REVIEW,True
952347W73,West Contra Costa Unified,Contra Costa,4.0,2042-08-01,99.081,0.040780000000000004,0.082,False,99.2,46.1,0.031,Relatively High,2.15,BAY (San Andreas N / Hayward),HIGH,90,POSITIVE(absent),22,3,REVIEW,False
952347W99,West Contra Costa Unified,Contra Costa,4.0,2044-08-01,99.046,0.040650000000000006,0.0817,False,99.2,46.1,0.031,Relatively High,2.15,BAY (San Andreas N / Hayward),HIGH,90,POSITIVE(absent),28,7,REVIEW,False
95330PHH1,W HILLS CMNTY CLG-B,,4.0,2041-08-01,99.276,0.04095,0.0823,False,99.2,98.0,0.751,Very High,,,UNZONED,90,CC-UNKNOWN,104,14,FLAG,False
956409AW6,essential-service water/wastewater revenue,,4.0,2041-10-01,99.156,0.04076,0.0819,False,,,,,,,UNZONED,,N/A-REVENUE,22,2,CLEAR,False
956409AX4,essential-service water/wastewater revenue,,4.0,2046-10-01,97.853,0.04157,0.0836,False,,,,,,,UNZONED,,,60,14,UNSCREENED,False
95640HJL3,W VLY-MISSION CLG-A,,4.0,2044-08-01,99.75,0.040190000000000003,0.0808,False,99.2,,,,,,UNZONED,90,CC-ACCREDITED,76,11,CLEAR,False
959214HE0,Western Placer Unified,Placer,4.0,2043-08-01,97.843,0.041769999999999995,0.084,False,99.2,84.4,0.165,Very High,0.54,CENTRAL VALLEY / SIERRA (low),LOW,90,POSITIVE(absent),44,8,REVIEW,False
95942THD2,essential-service water/wastewater revenue,,4.0,2035-09-01,102.648,0.03331,0.067,False,,,,,,,UNZONED,,,21,1,UNSCREENED,False
95942THH3,essential-service water/wastewater revenue,,4.0,2039-09-01,102.749,0.0374,0.0752,False,,,,,,,UNZONED,,,17,1,UNSCREENED,False
960621LB4,Westminster,Orange,4.0,2044-08-01,99.346,0.04066,0.0817,False,99.2,18.2,0.0,Very Low,1.6,LA BASIN (San Andreas S / Newport-Inglewood / Puente Hills),HIGH,90,POSITIVE(absent),33,7,REVIEW,False
966765PC7,Whittier City,Los Angeles,4.0,2044-08-01,99.066,0.040650000000000006,0.0817,False,99.2,42.5,0.0,Relatively Moderate,2.1,LA BASIN (San Andreas S / Newport-Inglewood / Puente Hills),HIGH,90,POSITIVE(absent),51,11,REVIEW,False
966782TB0,CA school/CC district GO,,2.0,2038-08-01,77.226,0.04714,0.0733,True,,,,,,,UNZONED,,,38,2,UNSCREENED,False
966782TD6,CA school/CC district GO,,4.0,2040-08-01,98.929,0.03902,0.0784,False,,,,,,,UNZONED,,,59,4,UNSCREENED,False
96678JCY1,essential-service water/wastewater revenue,,4.0,2036-06-01,103.486,0.03004,0.0604,False,,,,,,,UNZONED,,,13,1,UNSCREENED,False
973517NW1,Windsor Unified,Sonoma,4.0,2044-08-01,99.835,0.04046,0.0813,False,99.2,82.5,0.205,Relatively High,2.14,BAY (San Andreas N / Hayward),HIGH,84,QUALIFIED,45,3,FLAG,False
979585BP0,essential-service water/wastewater revenue,,3.0,2034-03-01,97.136,0.034249999999999996,0.0654,True,,,,,,,UNZONED,88,N/A-REVENUE,33,5,CLEAR,False
979585BZ8,essential-service water/wastewater revenue,,3.2,2039-03-01,96.908,0.03648,0.0733,False,,,,,,,UNZONED,88,N/A-REVENUE,29,6,CLEAR,False
988176HN6,YUBA CCD-REF,,3.0,2034-08-01,99.003,0.03139,0.0631,False,99.2,,,,,,UNZONED,90,CC-ACCREDITED,47,3,CLEAR,False
988176HQ9,YUBA CCD-REF,,3.0,2036-08-01,92.87,0.04133,0.074,True,,,,,,,UNZONED,90,NOT-COVERED-CC,76,8,REVIEW,False
988176HR7,YUBA CCD-REF,,3.0,2037-08-01,90.755,0.04035999999999999,0.0737,True,99.2,,,,,,UNZONED,90,CC-ACCREDITED,111,8,CLEAR,False
98840BAW3,essential-service water/wastewater revenue,,4.0,2046-09-01,96.939,0.04262,0.0857,False,,,,,,,UNZONED,,,46,5,UNSCREENED,False
